iteration,env_steps,ep_return,ep_length,success_rate,success_rate_rolling,entropy,policy_loss,value_loss,approx_kl,sps,comp_time,comp_compliance,comp_report,comp_command,comp_combat,comp_terminal
1,1024,nan,nan,0.0,0.0,1.788481,0.055771,0.217794,0.001614,649,-0.01,0.00676,-0.00227,0.00938,0.00036,0.0
2,2048,43.6238,241.5,1.0,1.0,1.803092,0.000327,12.816393,0.000736,758,-0.01,0.003,-0.00021,0.00838,-0.00306,0.1031
3,3072,37.00492,307.0,1.0,1.0,1.798668,-0.000341,6.37801,0.000669,770,-0.01,0.00596,-0.00148,0.00863,-0.00047,0.14605
4,4096,17.47353,388.0,1.0,1.0,1.795234,-0.000476,6.053833,0.000518,895,-0.01,0.00318,0.00059,0.00907,-0.00062,0.02711
5,5120,18.67275,417.8,0.6,0.81818,1.806688,-0.000404,7.984516,0.000502,839,-0.01,0.00449,0.00567,0.00966,-0.00854,0.12668
6,6144,30.06428,291.0,1.0,0.83333,1.816351,-0.000406,6.004383,0.000345,740,-0.01,0.00436,0.00353,0.00907,0.00137,0.03527
7,7168,38.58678,286.0,1.0,0.88889,1.800819,-0.000154,13.747001,0.000971,756,-0.01,0.00489,0.00127,0.00972,0.00157,0.26454
8,8192,33.33937,320.0,0.75,0.86364,1.773872,-0.000638,11.37957,0.000337,692,-0.01,0.0056,0.0013,0.00897,0.00062,0.13492
9,9216,39.38459,270.66667,1.0,0.88,1.778021,-0.019472,9.065994,0.002134,763,-0.01,0.00447,0.00117,0.00838,-0.00225,0.13669
10,10240,30.80372,289.0,1.0,0.88462,1.801322,-0.000261,7.114564,0.000528,916,-0.01,0.00326,0.00509,0.01007,-0.00045,0.04142
11,11264,29.85407,326.25,1.0,0.9,1.777024,-0.000347,11.125387,0.000206,836,-0.01,0.00356,0.00431,0.01006,-0.00144,0.14914
12,12288,5.70288,600.0,0.0,0.84375,1.764808,-0.030096,3.305429,0.000619,822,-0.01,0.00319,0.00221,0.00957,-0.00111,0.0
13,13312,34.32351,356.0,1.0,0.84848,1.781364,-0.000282,5.482905,0.001109,909,-0.01,0.00253,0.00539,0.00995,-0.00027,0.04451
14,14336,23.7916,443.0,0.66667,0.83333,1.775042,-0.000571,8.615166,0.000262,917,-0.01,0.00438,0.00229,0.00867,-0.0007,0.09276
15,15360,20.09464,420.66667,0.66667,0.82051,1.763715,-0.000799,7.76834,0.000482,839,-0.01,0.00437,0.00158,0.00913,-0.00174,0.07176
16,16384,22.56594,410.0,0.66667,0.80952,1.781274,-0.000849,5.990941,0.000453,825,-0.01,0.00444,0.00077,0.00957,-0.00011,0.08256
17,17408,38.39517,292.0,1.0,0.81395,1.819613,0.046402,5.019535,0.001494,833,-0.01,0.0027,0.00388,0.01023,0.00136,0.04653
18,18432,37.05654,381.25,1.0,0.82979,1.819657,0.0001,10.694884,0.001017,804,-0.01,0.00424,0.00172,0.0096,0.00171,0.16564
19,19456,20.89987,479.5,0.5,0.81633,1.810247,-0.000902,3.628644,0.000546,738,-0.01,0.00472,-0.00102,0.00956,0.00121,0.04244
20,20480,41.90327,310.0,1.0,0.83019,1.83215,-0.075686,22.410956,0.000773,817,-0.01,0.00375,0.00321,0.00871,-0.00249,0.19841
21,21504,23.92562,395.0,0.75,0.82456,1.793543,0.032667,6.56731,0.001226,687,-0.01,0.00576,-0.00099,0.00997,0.00054,0.10084
22,22528,31.99915,280.5,1.0,0.83051,1.774367,0.000139,10.938539,0.000626,775,-0.01,0.00439,-0.00098,0.00899,-0.01917,0.08173
23,23552,20.88129,304.0,0.66667,0.82258,1.727674,-0.030196,5.379889,0.000807,796,-0.01,0.00483,0.00168,0.0096,-0.00029,0.09062
24,24576,nan,nan,0.0,0.82258,1.816083,0.000163,2.725566,0.000421,887,-0.01,0.00251,0.00204,0.00912,0.00106,0.0
25,25600,22.55557,505.5,0.5,0.8125,1.851446,-0.00053,5.660757,0.001196,934,-0.01,0.00232,0.00755,0.01059,0.00017,0.05568
26,26624,25.71373,522.66667,0.66667,0.80597,1.833083,-0.000386,6.193217,0.000249,760,-0.01,0.00608,-0.00122,0.00932,0.00088,0.07967
27,27648,25.97739,515.0,0.66667,0.8,1.851078,0.015278,6.448698,0.001481,827,-0.01,0.00513,-0.00284,0.00957,-0.00502,0.08819
28,28672,33.53806,271.0,1.0,0.81333,1.789561,0.000528,17.700493,0.00061,928,-0.01,0.00378,0.00113,0.00894,0.00081,0.20925
29,29696,26.57633,439.0,1.0,0.81818,1.801395,0.129644,7.98876,0.000364,910,-0.01,0.00447,-0.00061,0.00884,-0.00156,0.06701
30,30720,36.22649,321.0,1.0,0.82051,1.801104,-0.000902,4.523806,0.000656,995,-0.01,0.0037,0.00219,0.00905,0.00033,0.04784
31,31744,37.36462,351.0,1.0,0.82716,1.818587,-0.000705,10.860004,0.000903,966,-0.01,0.00387,-0.00061,0.00956,0.00028,0.14056
32,32768,26.97864,446.75,0.75,0.82353,1.823809,-0.000221,6.856858,0.000328,793,-0.01,0.00536,-0.00093,0.00901,0.00197,0.1171
33,33792,42.39887,279.75,1.0,0.83146,1.841621,0.047341,14.849228,0.000733,851,-0.01,0.00375,0.00144,0.00867,-0.00143,0.19532
34,34816,31.6491,331.0,1.0,0.83516,1.715103,0.026472,2.952504,0.000785,828,-0.01,0.00457,0.00057,0.0099,0.00038,0.07216
35,35840,40.0041,325.5,1.0,0.84211,1.787122,-0.00058,11.125489,0.00204,883,-0.01,0.00463,0.00058,0.00955,-0.00114,0.19198
36,36864,28.04774,340.5,1.0,0.84536,1.778656,-0.000655,5.728721,0.000187,884,-0.01,0.00365,-0.00027,0.00881,0.00159,0.06779
37,37888,29.77327,351.66667,1.0,0.85,1.824128,0.03114,5.983712,0.002107,874,-0.01,0.00368,0.00291,0.00948,0.00133,0.10378
38,38912,43.13579,339.33333,1.0,0.85,1.756057,-0.001434,9.115657,0.001177,850,-0.01,0.00431,7e-05,0.00892,-0.00284,0.14332
39,39936,26.43671,382.33333,1.0,0.85,1.748026,-0.000195,6.760462,0.00075,985,-0.01,0.00423,-0.00095,0.0093,-0.00288,0.10773
40,40960,29.05338,309.5,1.0,0.86,1.715256,-0.000243,4.840987,0.000191,855,-0.01,0.0048,-0.00108,0.00903,0.00068,0.1357
41,41984,35.77591,358.0,1.0,0.87,1.746248,2.2e-05,4.364385,0.000866,899,-0.01,0.00269,-0.00093,0.00905,-0.00024,0.04343
42,43008,36.59838,331.4,1.0,0.87,1.747725,-2.7e-05,10.213841,0.000722,841,-0.01,0.00528,-0.00232,0.00969,0.00055,0.20969
43,44032,32.36972,322.0,1.0,0.87,1.713566,-0.019288,3.417088,0.001177,827,-0.01,0.00381,-0.00066,0.00837,0.00024,0.0381
44,45056,32.58903,320.71429,0.85714,0.87,1.783261,0.061887,14.499183,0.001459,829,-0.01,0.00442,-0.00053,0.00958,-0.00011,0.27313
45,46080,nan,nan,0.0,0.87,1.751487,-0.000856,1.584108,0.000556,762,-0.01,0.00507,0.00082,0.0094,0.00302,0.0
46,47104,35.48268,326.5,0.83333,0.86,1.769189,-0.000575,16.994738,0.000352,769,-0.01,0.00406,0.00016,0.00899,-0.0017,0.23941
47,48128,41.65669,315.0,1.0,0.87,1.717343,0.00485,3.616779,0.000811,779,-0.01,0.00464,-0.00016,0.00916,0.00197,0.04182
48,49152,40.35044,232.6,1.0,0.89,1.701663,-0.000249,20.388673,0.00089,836,-0.01,0.00412,-0.00152,0.00988,-0.0005,0.23824
49,50176,0.872,600.0,0.0,0.88,1.693827,-8.7e-05,6.901762,0.000147,800,-0.01,0.00438,-0.00349,0.00961,-0.02587,0.0
50,51200,42.57955,312.0,1.0,0.9,1.714679,-0.125275,24.379524,0.001305,843,-0.01,0.00438,-0.00552,0.01011,-0.02243,0.19525
51,52224,18.89384,407.66667,0.66667,0.89,1.726699,-0.001169,6.050885,0.001252,803,-0.01,0.00492,-0.00174,0.00892,0.00113,0.08859
52,53248,48.99424,265.5,1.0,0.89,1.688507,-9e-06,10.574722,0.000723,954,-0.01,0.00358,-0.0001,0.00923,-0.00397,0.12705
53,54272,3.74404,410.66667,0.66667,0.89,1.716352,-0.000511,4.881833,0.000286,960,-0.01,0.00451,0.00167,0.00838,-0.00036,0.04857
54,55296,30.75057,395.5,1.0,0.89,1.680378,0.036471,5.655936,0.00054,817,-0.01,0.00491,0.00051,0.00974,-0.00245,0.13629
55,56320,34.08125,308.0,1.0,0.9,1.665367,0.000128,3.367788,0.001355,863,-0.01,0.00458,-0.00085,0.00947,0.00074,0.07752
56,57344,37.96831,302.33333,1.0,0.9,1.675427,-0.00071,9.388917,0.002113,893,-0.01,0.00435,0.00062,0.00959,-0.01402,0.14035
57,58368,28.91269,295.0,1.0,0.91,1.737591,-0.127875,15.120934,0.003843,861,-0.01,0.00481,0.0009,0.00952,-0.0017,0.14744
58,59392,24.88805,362.75,0.75,0.92,1.711824,-0.000484,10.038028,0.000316,868,-0.01,0.00443,8e-05,0.00903,-0.03043,0.11632
59,60416,34.0617,311.0,1.0,0.92,1.69937,0.051374,4.968943,0.000546,935,-0.01,0.00397,0.00356,0.00995,-0.00173,0.08543
60,61440,28.10256,270.75,1.0,0.93,1.718623,0.000812,10.418833,0.001229,869,-0.01,0.00589,0.00016,0.00962,-0.0015,0.13623
61,62464,29.90629,299.0,1.0,0.93,1.700447,0.001348,13.405188,0.002328,880,-0.01,0.00404,-0.00202,0.00944,-0.00135,0.10886
62,63488,29.42742,332.25,0.75,0.92,1.729535,-0.036043,7.227628,0.001783,829,-0.01,0.00566,-0.00086,0.00995,0.00066,0.15529
63,64512,42.6912,235.2,1.0,0.93,1.679483,-0.150098,31.000283,0.001593,927,-0.01,0.00506,-0.0008,0.00964,0.00119,0.26979
64,65536,21.02895,380.0,0.66667,0.92,1.727868,-0.000784,4.824518,0.000757,877,-0.01,0.00632,0.0003,0.00924,0.00071,0.07805
65,66560,42.70984,209.5,1.0,0.92,1.695447,-0.00024,15.278839,0.000418,841,-0.01,0.00508,4e-05,0.01047,-0.0017,0.19125
66,67584,41.79147,259.33333,1.0,0.92,1.615428,0.042746,8.575516,0.000694,916,-0.01,0.00525,-0.00048,0.00898,-0.00314,0.15484
67,68608,23.20725,289.75,0.75,0.91,1.601679,9.9e-05,7.279476,0.00229,1019,-0.01,0.00436,-0.00164,0.00785,-0.00225,0.13165
68,69632,34.44496,266.5,1.0,0.91,1.544062,0.016996,3.531442,0.001372,825,-0.01,0.00476,2e-05,0.00815,0.00056,0.07596
69,70656,21.49597,417.0,0.5,0.9,1.644067,0.033924,6.785405,0.001772,958,-0.01,0.00251,0.00018,0.00772,0.00083,0.05593
70,71680,34.2527,305.33333,1.0,0.9,1.614719,0.06142,8.136807,0.000696,894,-0.01,0.00454,0.00091,0.00835,0.0003,0.11685
71,72704,12.59154,494.66667,0.33333,0.88,1.720688,0.060644,3.794479,0.001396,804,-0.01,0.00374,0.00087,0.00816,0.00183,0.04345
72,73728,50.05339,403.0,1.0,0.88,1.708899,0.069294,7.344912,0.000934,821,-0.01,0.00404,0.00115,0.01,-0.00158,0.15562
73,74752,40.72882,358.0,1.0,0.88,1.719522,-0.187568,9.44935,0.000322,920,-0.01,0.0039,0.00273,0.00917,-0.00169,0.09775
74,75776,48.09279,326.0,1.0,0.88,1.706548,-0.000466,5.429398,0.000985,1058,-0.01,0.00294,0.00268,0.00953,0.00135,0.0645
75,76800,42.71769,384.66667,1.0,0.88,1.695604,-0.000488,14.583227,0.00118,1058,-0.01,0.00488,0.00313,0.00942,-0.01895,0.17308
76,77824,12.52464,534.0,0.66667,0.87,1.670254,-0.035042,3.195627,0.001722,916,-0.01,0.00379,-0.00055,0.008,-0.00728,0.05729
77,78848,12.84681,481.0,0.5,0.86,1.686469,0.065594,3.382592,0.004177,963,-0.01,0.0034,-0.00128,0.00941,-0.00034,0.04807
78,79872,27.96732,363.0,1.0,0.87,1.69466,-0.042323,5.949652,0.00204,878,-0.01,0.00372,0.00217,0.00989,0.00128,0.10051
79,80896,39.47521,457.0,1.0,0.87,1.679616,-0.00098,5.72714,0.001235,803,-0.01,0.00421,-0.00284,0.01072,-0.00081,0.08083
80,81920,nan,nan,0.0,0.87,1.697787,-0.0011,2.52858,0.001602,925,-0.01,0.00346,-0.00777,0.0097,-0.00025,0.0
81,82944,21.08522,567.0,0.5,0.87,1.74695,-0.033627,4.14068,0.002759,973,-0.01,0.00318,-0.01018,0.00996,0.00111,0.05867
82,83968,25.08983,481.5,0.75,0.86,1.630062,0.0349,6.164454,0.00083,843,-0.01,0.00417,-0.00574,0.00885,0.00018,0.12327
83,84992,-2.89599,600.0,0.0,0.85,1.701398,-0.004682,1.154829,0.000776,807,-0.01,0.00397,-0.00447,0.0092,-0.00287,0.0
84,86016,19.06548,525.5,0.5,0.84,1.68216,-0.000793,6.292029,0.000726,959,-0.01,0.00341,-0.00669,0.00997,-0.01227,0.05399
85,87040,29.95996,415.5,1.0,0.85,1.643624,0.027399,6.602278,0.000777,957,-0.01,0.00392,-0.0061,0.00967,-0.00076,0.08169
86,88064,11.18503,570.5,0.5,0.84,1.699087,-0.000428,4.44883,0.001043,910,-0.01,0.00412,-0.0012,0.00957,0.00079,0.04321
87,89088,-6.12956,535.66667,0.0,0.82,1.721668,0.148602,9.634299,0.00212,934,-0.01,0.00314,-0.00293,0.01024,-0.0289,-0.00016
88,90112,-1.76487,600.0,0.0,0.81,1.671459,-0.0419,0.402588,0.001625,913,-0.01,0.0035,-0.00089,0.00952,0.00068,0.0
89,91136,nan,nan,0.0,0.81,1.729663,0.077293,0.726865,0.002391,1003,-0.01,0.00298,0.00044,0.00962,-0.00127,0.0
90,92160,1.05224,600.0,0.0,0.78,1.782044,-0.00204,0.455824,0.002522,983,-0.01,0.00357,0.00206,0.0101,2e-05,0.0
91,93184,1.7585,600.0,0.0,0.77,1.716175,-0.044083,0.367165,0.003388,952,-0.01,0.00316,6e-05,0.00996,-0.00085,0.0
92,94208,1.71046,600.0,0.0,0.75,1.680152,-0.062597,0.225679,0.002415,985,-0.01,0.00286,0.00104,0.00951,-0.00039,0.0
93,95232,2.24267,600.0,0.0,0.74,1.59075,0.0294,0.280504,0.001496,1044,-0.01,0.00252,0.00227,0.00802,-0.00246,0.0
94,96256,2.56775,600.0,0.0,0.73,1.717008,-0.00136,0.259879,0.001503,1258,-0.01,0.00219,0.0032,0.0099,-0.0019,0.0
95,97280,0.07393,600.0,0.0,0.7,1.712533,0.141287,0.145067,0.004065,1096,-0.01,0.00302,0.00018,0.00995,0.00015,0.0
96,98304,-0.92599,600.0,0.0,0.69,1.773699,-0.00076,0.154325,0.002975,976,-0.01,0.00327,0.00156,0.00939,-0.00205,0.0
97,99328,10.26945,597.5,0.5,0.68,1.779505,-0.000227,7.266099,0.000431,1003,-0.01,0.00444,0.00152,0.00888,-0.03846,0.01988
98,100352,0.54848,600.0,0.0,0.67,1.759295,0.104641,0.139944,0.00407,1111,-0.01,0.00343,0.00118,0.0093,-0.00124,0.0
99,101376,21.32216,473.75,0.75,0.67,1.771177,-0.054054,29.907332,0.004426,1014,-0.01,0.00355,0.00198,0.00929,0.00053,0.11628
100,102400,23.07887,474.0,0.5,0.66,1.762654,-0.205134,23.888538,0.000603,930,-0.01,0.00297,0.00083,0.01034,-0.00055,0.05268
101,103424,-1.95529,584.5,0.5,0.65,1.693402,0.029902,2.72808,0.000604,903,-0.01,0.00265,0.00033,0.00849,-0.00126,0.02496
102,104448,nan,nan,0.0,0.65,1.722734,-0.001598,0.325972,0.001684,1054,-0.01,0.00293,0.0045,0.0095,-1e-05,0.0
103,105472,4.03851,600.0,0.0,0.64,1.714569,-0.002231,0.471669,0.002054,1131,-0.01,0.00148,0.00373,0.01018,-2e-05,0.0
104,106496,0.91851,600.0,0.0,0.6,1.73798,0.027587,0.247699,0.00456,889,-0.01,0.00536,-0.00111,0.01006,0.00018,0.0
105,107520,3.12591,600.0,0.0,0.58,1.728814,-0.000974,0.179203,0.001315,934,-0.01,0.00378,0.00253,0.00981,0.0007,0.0
106,108544,30.65606,336.33333,0.83333,0.58,1.747083,0.057364,26.100527,0.001965,842,-0.01,0.00681,0.00132,0.00989,5e-05,0.20465
107,109568,46.58237,200.33333,1.0,0.58,1.739375,0.048277,23.778159,0.001258,852,-0.01,0.00504,0.00064,0.0082,-0.00123,0.15711
108,110592,30.7019,251.8,1.0,0.59,1.711975,0.059165,20.154314,0.000772,797,-0.01,0.00709,-0.00014,0.00885,-8e-05,0.16575
109,111616,37.0718,227.0,1.0,0.59,1.673454,0.088887,12.485688,0.000815,896,-0.01,0.00497,0.00029,0.00856,-0.00346,0.08922
110,112640,35.63728,264.25,1.0,0.59,1.737961,3.4e-05,17.157681,0.000386,867,-0.01,0.00564,-0.00139,0.00915,0.00288,0.17316
111,113664,45.3163,198.66667,1.0,0.6,1.743307,-0.000611,22.634026,0.00072,926,-0.01,0.00538,-0.003,0.00851,-0.00395,0.16887
112,114688,19.61506,370.2,0.6,0.59,1.75275,-0.000473,16.498709,0.000875,983,-0.01,0.005,-0.00303,0.00819,-0.01037,0.14294
113,115712,31.55849,300.0,1.0,0.6,1.712909,0.005764,5.569785,0.000909,836,-0.01,0.00706,-0.00015,0.00872,0.00093,0.12076
114,116736,36.83128,233.42857,1.0,0.61,1.74912,-0.051694,31.305905,0.000877,769,-0.01,0.00615,0.0003,0.00879,-0.0002,0.28353
115,117760,40.56802,227.5,1.0,0.61,1.708927,-0.000141,9.459111,0.00034,788,-0.01,0.00569,-0.00017,0.00864,-0.00043,0.08656
116,118784,40.26375,255.75,1.0,0.62,1.68353,-0.000212,14.145168,0.000223,829,-0.01,0.00525,0.00246,0.00929,-0.00255,0.18006
117,119808,34.31884,268.5,1.0,0.63,1.691195,-0.000431,9.527259,0.000842,866,-0.01,0.00474,-0.00074,0.00927,-0.01166,0.08264
118,120832,37.05403,358.0,1.0,0.63,1.678965,-0.041164,6.845095,0.00152,965,-0.01,0.0028,-0.00026,0.01041,0.00106,0.09312
119,121856,33.08394,373.25,0.75,0.62,1.68935,-7.2e-05,13.056152,0.000973,838,-0.01,0.00502,-0.00199,0.01005,0.0022,0.15919
120,122880,44.28811,227.0,1.0,0.63,1.776142,0.032994,9.685024,0.002174,890,-0.01,0.00322,0.00067,0.00951,0.00053,0.10207
121,123904,16.18981,482.33333,0.33333,0.61,1.751122,0.016517,5.176813,0.002754,856,-0.01,0.00526,0.00035,0.0097,-3e-05,0.05176
122,124928,31.95873,389.66667,1.0,0.64,1.712534,6.2e-05,8.612277,0.002488,830,-0.01,0.00436,0.00142,0.00927,-0.00025,0.10802
123,125952,40.50009,308.0,1.0,0.64,1.669669,-0.023351,11.635875,0.001081,851,-0.01,0.00412,0.00043,0.00979,0.00124,0.13697
124,126976,40.15189,356.0,1.0,0.65,1.728867,0.004925,2.814518,0.001833,824,-0.01,0.00392,0.0018,0.00965,-0.00027,0.04669
125,128000,29.90932,404.4,0.8,0.68,1.757297,0.008027,12.210737,0.000708,905,-0.01,0.00311,0.00512,0.00953,0.00075,0.17764
126,129024,28.11312,425.66667,0.66667,0.7,1.75622,-0.017466,5.02486,0.002852,805,-0.01,0.00484,0.0039,0.01013,0.00033,0.08149
127,130048,34.54402,262.0,1.0,0.72,1.69633,-0.061554,9.576991,0.001232,888,-0.01,0.00453,0.00224,0.00829,-0.00199,0.08245
128,131072,38.51736,275.8,1.0,0.77,1.665186,3e-06,15.77108,0.000322,784,-0.01,0.00657,0.0035,0.01027,0.00272,0.20355
129,132096,44.19311,307.0,1.0,0.79,1.628612,-0.036378,6.087428,0.000545,793,-0.01,0.00612,0.00122,0.00871,-0.00059,0.09097
130,133120,45.56342,212.33333,1.0,0.83,1.652142,0.000102,18.959702,0.001222,844,-0.01,0.00631,0.00132,0.0086,-0.00126,0.30912
131,134144,36.45945,268.0,1.0,0.83,1.696697,0.001238,8.008119,0.000249,898,-0.01,0.00413,0.00081,0.00855,0.00317,0.08921
132,135168,33.36163,356.25,1.0,0.85,1.673473,-0.000484,9.168656,0.00035,836,-0.01,0.00438,-0.0002,0.00935,-0.00018,0.15051
133,136192,31.51407,411.0,1.0,0.87,1.642455,0.000186,7.892788,0.000884,913,-0.01,0.00264,-0.00021,0.00852,-0.00256,0.07819
134,137216,32.3913,375.0,1.0,0.88,1.630735,-0.000151,6.208177,0.000819,1024,-0.01,0.0037,0.00134,0.00925,-0.00257,0.0437
135,138240,30.19687,280.0,1.0,0.89,1.636841,0.000134,6.979177,0.002074,1206,-0.01,0.00187,0.00746,0.00985,-0.00271,0.05079
136,139264,12.03034,514.33333,0.33333,0.89,1.618542,-0.026917,6.344483,0.001145,900,-0.01,0.00529,0.00452,0.00924,-0.00206,0.07991
137,140288,nan,nan,0.0,0.89,1.677215,0.000105,3.357356,0.000464,831,-0.01,0.00426,-0.00029,0.00805,-0.01606,0.0
138,141312,-0.41498,480.5,0.5,0.88,1.680747,0.079039,4.112242,0.003301,1079,-0.01,0.0029,0.00109,0.00878,-0.00278,0.01938
139,142336,18.17117,376.75,0.75,0.87,1.682942,-0.006852,8.623666,0.000576,927,-0.01,0.00446,0.0071,0.00996,-0.00763,0.10219
140,143360,42.02657,514.0,1.0,0.87,1.701511,-0.000589,5.543905,0.000456,803,-0.01,0.00517,0.00154,0.00857,0.00013,0.08625
141,144384,37.36109,314.33333,1.0,0.87,1.681348,-0.045639,12.431436,0.001478,855,-0.01,0.00389,0.0016,0.00896,8e-05,0.13031
142,145408,36.61367,325.0,1.0,0.87,1.649978,0.056268,10.14821,0.000666,822,-0.01,0.00557,0.00304,0.00927,-0.01614,0.12318
143,146432,25.05599,314.0,1.0,0.87,1.702269,0.035082,8.39637,0.000743,914,-0.01,0.00577,0.00474,0.00966,-0.00121,0.09566
144,147456,23.84227,335.5,0.75,0.86,1.670138,0.000118,10.736052,0.000624,748,-0.01,0.00573,0.00544,0.01037,0.00033,0.10464
145,148480,37.1575,332.25,0.75,0.87,1.67075,-0.000239,15.83487,0.001472,781,-0.01,0.0065,0.00191,0.00913,0.00069,0.15421
146,149504,39.96499,235.75,1.0,0.87,1.705406,-0.000797,17.033681,0.000269,827,-0.01,0.00746,0.00157,0.00982,-0.01675,0.17781
147,150528,39.27692,204.75,1.0,0.87,1.666524,-0.036332,12.905276,0.000654,830,-0.01,0.00691,0.00113,0.00903,-0.00038,0.17871
148,151552,27.78516,324.75,0.75,0.86,1.699959,0.035084,10.748005,0.000539,826,-0.01,0.00596,0.00085,0.00938,0.00225,0.13709
149,152576,46.62599,197.0,1.0,0.86,1.803361,0.007034,11.561788,0.000927,800,-0.01,0.00767,-0.00123,0.0081,-0.00207,0.20011
150,153600,34.58821,253.14286,0.85714,0.86,1.65833,-0.000202,19.252013,0.000636,810,-0.01,0.00754,-0.0002,0.00851,0.00339,0.26457
151,154624,44.35534,171.0,1.0,0.87,1.641173,9e-06,17.178617,0.000305,763,-0.01,0.00751,0.00184,0.0082,0.00145,0.23142
152,155648,44.16485,193.5,1.0,0.88,1.635774,-0.000521,13.742188,0.000202,852,-0.01,0.00683,0.00022,0.00844,-0.00288,0.20006
153,156672,30.43641,198.2,1.0,0.88,1.614069,-0.000449,12.952673,0.000108,882,-0.01,0.00719,0.00245,0.00811,-0.00121,0.18264
154,157696,48.74605,164.0,1.0,0.89,1.608968,-4.4e-05,13.599705,0.000502,837,-0.01,0.00612,0.00172,0.00792,0.00249,0.16437
155,158720,38.81091,263.2,0.8,0.89,1.602597,-0.014141,15.071609,0.000386,817,-0.01,0.0061,0.00321,0.01003,0.00323,0.21357
156,159744,40.95219,185.0,1.0,0.89,1.581464,-7.4e-05,9.139058,0.000541,849,-0.01,0.00565,0.00152,0.00873,0.00143,0.14045
157,160768,35.36474,304.5,0.66667,0.87,1.634099,6.7e-05,13.339773,0.000712,793,-0.01,0.00869,0.00303,0.00942,0.00143,0.22215
158,161792,41.9143,203.33333,1.0,0.87,1.618499,-0.000293,20.836931,0.000424,811,-0.01,0.00703,0.00096,0.00936,-0.00114,0.27489
159,162816,37.98831,195.0,1.0,0.87,1.591129,-0.090115,16.615065,0.00065,792,-0.01,0.00747,0.00319,0.00894,0.00087,0.20419
160,163840,37.58615,193.2,1.0,0.88,1.617334,-5.4e-05,18.487182,0.000571,815,-0.01,0.00706,-0.00017,0.00901,-0.00089,0.21536
161,164864,45.45464,185.66667,1.0,0.89,1.616423,-0.000405,9.398753,0.00036,806,-0.01,0.00653,-0.00224,0.00862,0.00194,0.152
162,165888,38.66908,271.2,1.0,0.92,1.682225,-0.001967,13.363318,0.001034,843,-0.01,0.00633,0.00027,0.00982,0.00066,0.23472
163,166912,37.64879,209.0,1.0,0.93,1.653623,-0.000615,10.862686,0.000612,962,-0.01,0.0047,-0.00611,0.00954,-0.0013,0.09412
164,167936,37.09685,262.0,1.0,0.93,1.647613,-0.000115,12.062842,0.000194,926,-0.01,0.00813,-0.00281,0.01006,-0.00165,0.21767
165,168960,36.12574,252.6,1.0,0.93,1.632444,-0.000322,15.409123,0.000511,894,-0.01,0.00667,-0.00179,0.0091,0.00104,0.21732
166,169984,35.37494,258.25,1.0,0.94,1.639803,-0.00039,11.270602,0.000153,840,-0.01,0.00628,0.00291,0.00973,0.00313,0.15574
167,171008,47.19631,216.5,1.0,0.94,1.655222,-0.000707,11.34929,0.000553,851,-0.01,0.00574,0.00524,0.00995,0.00109,0.19887
168,172032,42.61961,247.33333,1.0,0.95,1.648666,-8.2e-05,14.881813,0.000202,754,-0.01,0.00786,0.00162,0.0086,0.001,0.25515
169,173056,43.31769,210.25,1.0,0.95,1.658855,0.071387,10.834926,0.000999,821,-0.01,0.006,0.00392,0.00944,-0.00098,0.18947
170,174080,33.46906,208.33333,1.0,0.96,1.593644,-0.036955,7.12386,0.000409,827,-0.01,0.00685,0.00209,0.00908,0.00043,0.11494
171,175104,38.58586,201.0,1.0,0.96,1.680748,0.020873,21.254571,0.002013,880,-0.01,0.00569,-0.0032,0.00909,0.00011,0.28208
172,176128,4.45311,538.5,0.5,0.95,1.624497,-0.002252,12.506871,0.0006,887,-0.01,0.00638,-0.00163,0.00944,-0.04621,0.03502
173,177152,33.80889,197.25,1.0,0.96,1.679563,0.004135,7.923311,0.000238,897,-0.01,0.00879,0.00064,0.00911,0.00056,0.17336
174,178176,32.84463,215.25,0.75,0.94,1.647837,0.000223,17.542507,0.000449,832,-0.01,0.00826,0.0009,0.00855,0.00048,0.30142
175,179200,42.35198,183.0,1.0,0.94,1.655386,-0.000178,16.519625,0.000208,870,-0.01,0.00665,0.00024,0.00863,-0.00068,0.2286
176,180224,42.51663,176.2,1.0,0.95,1.706813,0.042756,9.30866,0.000281,805,-0.01,0.0093,0.00049,0.00919,0.00081,0.2175
177,181248,39.10169,179.6,1.0,0.95,1.68742,-0.007034,9.056098,0.000391,889,-0.01,0.00783,0.00054,0.00769,-0.00048,0.22004
178,182272,40.54566,185.28571,1.0,0.96,1.630496,-8.8e-05,14.63007,0.000234,845,-0.01,0.00865,-0.00052,0.00909,0.00142,0.30119
179,183296,37.06083,177.57143,1.0,0.97,1.567512,-0.018388,14.086509,0.000228,857,-0.01,0.00777,-5e-05,0.00823,-0.00257,0.28467
180,184320,39.26522,177.33333,1.0,0.97,1.647426,-0.000302,15.415788,0.000549,846,-0.01,0.00786,-0.00075,0.00899,0.00088,0.25768
181,185344,47.60248,159.33333,1.0,0.97,1.65505,-0.001007,7.645547,0.000675,822,-0.01,0.00761,0.00041,0.00913,0.00308,0.14327
182,186368,42.6128,198.16667,1.0,0.97,1.586618,-0.059773,14.54613,0.003631,895,-0.01,0.00572,0.00233,0.009,5e-05,0.27924
183,187392,37.64549,218.66667,1.0,0.97,1.556655,-0.113348,15.254719,0.001079,911,-0.01,0.00558,0.00206,0.00818,-0.00317,0.12894
184,188416,34.25197,226.25,1.0,0.97,1.52337,-0.094554,9.731683,0.001771,1040,-0.01,0.00492,-0.00161,0.0091,0.0007,0.17611
185,189440,40.06609,246.0,1.0,0.97,1.571475,-0.035784,7.911301,0.000996,1013,-0.01,0.0039,0.00356,0.00892,-0.0034,0.14987
186,190464,nan,nan,0.0,0.97,1.573095,-0.000611,7.338826,0.000909,1176,-0.01,0.0031,-0.00224,0.008,-0.00044,0.0
187,191488,-0.49735,558.66667,0.33333,0.95,1.637346,0.001318,7.231996,0.004878,1143,-0.01,0.00356,-0.00305,0.0103,-0.01767,0.02558
188,192512,32.69246,388.75,1.0,0.95,1.655311,-0.000557,15.120192,0.000615,948,-0.01,0.00545,0.00346,0.01014,0.00079,0.15097
189,193536,29.58121,392.66667,0.66667,0.94,1.655499,-0.06406,9.401951,0.001285,946,-0.01,0.00367,0.00595,0.00979,0.00151,0.08936
190,194560,42.04186,331.5,1.0,0.94,1.696086,-0.000521,14.689555,0.000434,1001,-0.01,0.00479,0.00685,0.00906,-0.00403,0.19464
191,195584,nan,nan,0.0,0.94,1.71251,0.03491,3.215558,0.002453,1086,-0.01,0.0027,0.00244,0.00911,0.00054,0.0
192,196608,30.77069,407.66667,1.0,0.94,1.689436,0.01459,9.804857,0.00287,1190,-0.01,0.00375,0.00087,0.00854,0.00098,0.12966
193,197632,34.52988,328.0,1.0,0.94,1.70086,0.026157,8.130477,0.00087,953,-0.01,0.00551,-0.00039,0.00848,0.00096,0.12154
194,198656,8.93957,496.0,0.33333,0.92,1.716764,-0.000287,5.273551,0.000564,1028,-0.01,0.00416,0.00095,0.00725,-0.00327,0.0346
195,199680,41.6307,285.0,1.0,0.92,1.73639,-0.000136,6.715276,0.00034,1133,-0.01,0.00372,0.00231,0.00794,-0.00249,0.05533
196,200704,36.18989,319.5,1.0,0.92,1.713782,0.016119,13.537395,0.001505,1148,-0.01,0.0053,-0.0004,0.0069,-0.00029,0.20576
197,201728,20.10708,450.5,0.75,0.91,1.725781,-0.000448,7.369339,0.000249,971,-0.01,0.00596,-0.00083,0.0076,0.0005,0.09884
198,202752,29.36411,333.0,1.0,0.91,1.76066,0.014385,3.953525,0.000568,982,-0.01,0.0034,0.00091,0.00926,-0.00182,0.03592
199,203776,34.61646,327.6,1.0,0.92,1.749081,-0.000512,14.436697,0.00173,964,-0.01,0.0055,0.00038,0.00967,0.00156,0.20588
200,204800,37.96269,389.5,1.0,0.93,1.761341,-0.002528,4.533063,0.000844,927,-0.01,0.0054,0.00047,0.00909,-0.00108,0.08321
201,205824,41.92513,271.0,1.0,0.93,1.766469,0.000134,5.396854,0.000735,1125,-0.01,0.00273,0.00095,0.01091,0.00108,0.05333
202,206848,38.36627,331.14286,1.0,0.94,1.765876,-0.000743,15.155158,0.000176,858,-0.01,0.00813,0.00046,0.0098,-0.0007,0.27693
203,207872,38.48143,193.2,1.0,0.94,1.777975,-0.000108,27.208368,0.000925,988,-0.01,0.00584,0.00017,0.00811,-0.00091,0.23339
204,208896,38.0112,237.75,1.0,0.94,1.776295,0.000384,11.57378,0.000551,852,-0.01,0.00682,-7e-05,0.0093,0.00287,0.16036
205,209920,40.7503,209.66667,1.0,0.94,1.736472,-0.080596,21.067097,0.000603,929,-0.01,0.00707,-0.0005,0.00844,-0.00175,0.28643
206,210944,40.8708,188.25,1.0,0.94,1.772521,0.012466,23.295236,0.001061,997,-0.01,0.00638,-0.00151,0.0094,-0.00359,0.20501
207,211968,25.03177,262.8,1.0,0.94,1.686874,-0.315886,17.920531,0.001713,988,-0.01,0.00699,-0.00219,0.00852,-0.00114,0.15916
208,212992,41.87122,195.8,1.0,0.94,1.667772,-0.000502,11.932156,0.00062,854,-0.01,0.00769,-0.00086,0.00872,0.00249,0.21711
209,214016,44.26068,172.28571,1.0,0.94,1.645542,-0.000214,15.502672,0.000336,867,-0.01,0.00726,-0.00065,0.00958,0.00151,0.3337
210,215040,40.44675,176.5,1.0,0.94,1.623862,0.019808,9.389848,0.001698,874,-0.01,0.00744,-0.00115,0.00882,0.00054,0.17404
211,216064,46.32359,158.6,1.0,0.94,1.69257,0.001132,11.723332,0.002321,981,-0.01,0.00605,-0.00337,0.00911,0.00052,0.27833
212,217088,37.38568,181.75,1.0,0.94,1.685931,-0.000108,15.571129,0.000532,981,-0.01,0.00516,-0.00554,0.00904,0.00033,0.18099
213,218112,45.09992,166.25,1.0,0.95,1.701366,0.001499,14.369296,0.001999,970,-0.01,0.00562,-0.00994,0.00937,-0.01069,0.21788
214,219136,23.05586,380.5,0.5,0.94,1.65575,-0.0337,8.689836,0.001906,921,-0.01,0.0075,-0.00402,0.00927,-0.00139,0.11568
215,220160,30.72417,246.85714,0.85714,0.94,1.681155,0.000189,15.583854,0.001308,962,-0.01,0.00738,-0.00212,0.00884,-0.00192,0.28163
216,221184,32.32926,196.5,1.0,0.94,1.675304,-9.2e-05,13.875351,0.000814,962,-0.01,0.00654,-0.00233,0.00753,-0.00343,0.16895
217,222208,42.31718,167.0,1.0,0.94,1.689956,-0.000398,9.689814,0.000372,881,-0.01,0.00828,-0.00298,0.00912,0.00163,0.19009
218,223232,43.12446,175.16667,1.0,0.96,1.634236,-0.050863,11.936176,0.000641,886,-0.01,0.00733,-0.00354,0.0088,0.00019,0.29901
219,224256,34.10734,235.71429,0.85714,0.96,1.654737,-0.033341,11.161354,0.000892,883,-0.01,0.0077,-0.00279,0.00816,0.00255,0.27971
220,225280,45.37018,160.0,1.0,0.96,1.564446,-0.022323,12.759423,0.00038,842,-0.01,0.00654,-0.00109,0.00825,0.00267,0.18951
221,226304,43.70449,194.0,1.0,0.96,1.659665,-0.060361,13.339185,0.000922,882,-0.01,0.00606,-0.00568,0.01006,-0.00175,0.19636
222,227328,31.80125,195.5,1.0,0.96,1.68167,0.134505,14.748301,0.003668,1077,-0.01,0.00429,-0.01594,0.00953,-0.00158,0.0868
223,228352,32.31218,232.0,1.0,0.96,1.692791,0.00521,12.507524,0.003227,971,-0.01,0.00466,-0.01491,0.00901,0.00234,0.1262
224,229376,7.37644,463.33333,0.33333,0.94,1.679652,0.00032,8.865591,0.002216,957,-0.01,0.00456,-0.02,0.01001,0.00047,0.04625
225,230400,30.92537,355.2,0.8,0.93,1.673733,-0.020462,23.621505,0.001169,942,-0.01,0.00553,-0.01431,0.00886,-0.00102,0.20862
226,231424,45.75603,231.66667,1.0,0.93,1.697796,0.000832,17.052077,0.001865,1036,-0.01,0.00636,-0.00737,0.00945,-0.004,0.18399
227,232448,27.71169,308.0,1.0,0.93,1.727136,-0.001431,11.579175,0.001713,1324,-0.01,0.0053,-0.01322,0.00805,-0.01052,0.04992
228,233472,22.92669,350.75,1.0,0.93,1.752557,-0.000894,19.553327,0.001426,1395,-0.01,0.00633,-0.01785,0.00789,-0.00129,0.18088
229,234496,36.82686,310.25,1.0,0.93,1.698581,-0.050196,15.796758,0.000726,1074,-0.01,0.00749,-0.00125,0.00854,-0.00394,0.21388
230,235520,38.07964,254.5,0.83333,0.92,1.708164,-0.094959,19.61523,0.001264,972,-0.01,0.00708,6e-05,0.00827,0.00506,0.28051
231,236544,29.8765,300.75,0.75,0.91,1.72102,-0.000335,16.546753,0.001997,973,-0.01,0.00475,-0.00064,0.00786,-0.00141,0.15034
232,237568,31.89933,226.75,1.0,0.91,1.716712,-0.120171,14.077211,0.001478,878,-0.01,0.00694,-0.00108,0.0088,3e-05,0.14128
233,238592,45.56015,210.5,1.0,0.91,1.670186,0.061197,13.205935,0.000326,971,-0.01,0.0049,0.00027,0.00952,0.00063,0.20897
234,239616,30.41179,224.0,1.0,0.91,1.74941,0.118339,6.991391,0.000986,1014,-0.01,0.00508,-0.00191,0.00843,-0.00129,0.03827
235,240640,30.70853,290.2,1.0,0.91,1.702304,0.000775,11.187083,0.001691,1103,-0.01,0.00476,-0.00175,0.00894,-0.00141,0.20596
236,241664,26.89787,475.0,0.66667,0.9,1.664021,-0.098782,12.694632,0.000445,993,-0.01,0.00439,-0.0021,0.00915,-0.00087,0.09474
237,242688,41.23374,326.0,1.0,0.9,1.657353,-0.057454,8.297603,0.000954,995,-0.01,0.00544,-0.00543,0.00972,0.00092,0.10079
238,243712,29.77458,322.75,1.0,0.9,1.697958,-0.005664,7.437789,0.004069,918,-0.01,0.00595,-0.00462,0.00954,0.00046,0.1415
239,244736,41.48706,243.25,1.0,0.91,1.641946,-0.014713,10.532417,0.001203,904,-0.01,0.00629,7e-05,0.0088,0.00175,0.18614
240,245760,45.7024,219.0,1.0,0.92,1.758141,0.02249,7.41816,0.003775,1068,-0.01,0.00302,-0.00847,0.00988,-0.00208,0.05779
241,246784,35.24033,367.0,1.0,0.92,1.718931,0.032389,5.747193,0.002508,1208,-0.01,0.00342,-0.01444,0.01048,-0.00145,0.05053
242,247808,23.08434,530.0,0.75,0.91,1.692063,0.027816,7.311874,0.00157,1158,-0.01,0.00458,-0.00951,0.01024,0.00079,0.13677
243,248832,11.52681,507.0,1.0,0.91,1.68656,-0.007166,2.374963,0.001162,919,-0.01,0.00444,-0.00461,0.00938,0.00063,0.01999
244,249856,31.78106,543.0,1.0,0.92,1.752545,-0.000288,4.964673,0.002984,998,-0.01,0.00369,-0.00454,0.00871,-0.00192,0.077
245,250880,34.1149,360.5,1.0,0.92,1.72626,0.072047,17.460842,0.00183,936,-0.01,0.00587,-0.00477,0.00914,-0.00036,0.24161
246,251904,20.55413,361.0,1.0,0.92,1.757195,-0.000388,3.678689,0.000734,1013,-0.01,0.00421,-0.00417,0.00769,-0.00111,0.02738
247,252928,27.11971,358.66667,1.0,0.92,1.728535,-0.000964,8.698038,0.000443,1061,-0.01,0.00499,-0.00427,0.00787,-0.00136,0.11165
248,253952,38.41033,386.0,1.0,0.92,1.683351,-0.071933,13.329782,0.001087,999,-0.01,0.00568,-0.00458,0.00809,-0.00071,0.13962
249,254976,30.93221,292.33333,1.0,0.93,1.707015,0.000242,8.700738,0.000368,1045,-0.01,0.0052,-0.00542,0.00787,0.00123,0.12193
250,256000,31.68138,355.0,0.75,0.92,1.701533,-0.000185,7.119042,0.000361,935,-0.01,0.00542,-0.00104,0.00834,0.00077,0.14498
251,257024,43.23921,253.0,1.0,0.92,1.740983,0.042024,8.238097,0.000856,1034,-0.01,0.00464,-0.00271,0.00803,-0.00164,0.10479
252,258048,33.47759,316.8,1.0,0.92,1.672765,-0.000508,10.031491,0.000543,927,-0.01,0.00619,-0.0024,0.00839,-0.00076,0.19303
253,259072,33.68412,254.5,1.0,0.92,1.744812,-0.001133,7.243779,0.000784,995,-0.01,0.00442,-0.00543,0.00836,0.00065,0.08194
254,260096,43.39668,274.0,1.0,0.92,1.682355,-0.000515,9.687106,0.001667,955,-0.01,0.00515,-0.0016,0.00921,0.00176,0.1982
255,261120,26.6049,416.66667,0.66667,0.92,1.67731,0.020239,4.857401,0.001188,1008,-0.01,0.00381,-0.00281,0.00774,0.00026,0.09993
256,262144,38.69833,276.6,1.0,0.94,1.679435,0.003692,10.737242,0.000932,894,-0.01,0.00641,-0.0,0.00823,0.00139,0.20956
257,263168,43.35282,212.66667,1.0,0.94,1.715459,0.000619,18.250279,0.001157,934,-0.01,0.00583,-0.00106,0.0086,0.00042,0.29019
258,264192,38.72157,206.0,1.0,0.94,1.709271,0.006136,9.216812,0.001589,955,-0.01,0.00727,-0.00177,0.00805,-0.00013,0.13433
259,265216,49.76586,161.5,1.0,0.95,1.700958,-9.8e-05,22.05588,0.00068,954,-0.01,0.00699,-0.00211,0.00863,0.00328,0.33879
260,266240,40.30172,193.0,1.0,0.95,1.639809,0.039297,11.032282,0.001924,1021,-0.01,0.00669,-0.00235,0.00932,-0.00543,0.1492
261,267264,40.34635,257.4,0.8,0.95,1.6638,0.005134,9.537193,0.001017,935,-0.01,0.00685,-0.00123,0.0079,0.00216,0.22708
262,268288,14.83215,386.0,0.5,0.94,1.69184,0.063811,18.452172,0.001894,995,-0.01,0.00543,-0.00331,0.0082,-0.04371,0.04808
263,269312,43.52883,238.66667,1.0,0.94,1.708978,-0.000367,12.978598,0.004066,1120,-0.01,0.00461,-0.00262,0.00908,0.00053,0.17379
264,270336,16.42844,388.5,0.5,0.93,1.727793,0.013888,7.314733,0.001525,1137,-0.01,0.00449,-0.00255,0.00754,0.0029,0.06685
265,271360,13.41373,456.0,0.33333,0.91,1.746536,-0.000565,6.623931,0.002624,1067,-0.01,0.00534,-0.00133,0.00812,0.00064,0.07206
266,272384,-1.47193,600.0,0.0,0.9,1.779921,-0.000534,3.605648,0.001138,1008,-0.01,0.00401,-0.00203,0.00941,0.0018,0.0
267,273408,15.1626,518.0,0.33333,0.88,1.809257,-0.001806,6.619562,0.004869,975,-0.01,0.00442,-0.00139,0.00926,-0.0017,0.04935
268,274432,42.58983,315.0,1.0,0.89,1.866585,0.034952,6.579615,0.001227,1000,-0.01,0.00499,-4e-05,0.0089,0.00102,0.05227
269,275456,3.26194,600.0,0.0,0.87,1.861033,-0.034878,1.194177,0.002355,1119,-0.01,0.00408,-0.00379,0.00871,-0.00064,0.0
270,276480,15.83791,496.0,0.5,0.86,1.805486,5.6e-05,6.274031,0.000735,1019,-0.01,0.00549,-0.00076,0.00836,-0.00072,0.0398
271,277504,27.36899,469.75,0.75,0.85,1.722075,0.012311,14.05424,0.001538,1049,-0.01,0.00549,-0.00133,0.00807,-0.00249,0.13843
272,278528,0.3393,600.0,0.0,0.84,1.78981,0.008024,1.111221,0.002029,1127,-0.01,0.00407,-0.00114,0.0072,-0.00017,0.0
273,279552,33.9474,362.75,1.0,0.84,1.797415,-0.000519,19.0671,0.002021,1091,-0.01,0.00517,-0.00095,0.00785,-0.00019,0.17879
274,280576,35.2491,331.75,1.0,0.85,1.754624,-0.000961,16.419741,0.000701,929,-0.01,0.00657,-0.00077,0.00841,0.00068,0.15781
275,281600,37.8027,306.0,1.0,0.85,1.678981,0.0532,12.492186,0.002529,979,-0.01,0.00617,-0.00119,0.00781,0.00078,0.13236
276,282624,43.86542,225.25,1.0,0.85,1.751182,-0.000417,19.621901,0.00038,974,-0.01,0.0059,-0.00116,0.0079,0.0007,0.20327
277,283648,43.16947,309.0,1.0,0.85,1.66273,0.039342,9.381493,0.002438,969,-0.01,0.00593,-4e-05,0.00733,-0.00117,0.15224
278,284672,26.19479,313.5,0.75,0.84,1.696976,-0.000157,15.252808,0.001798,982,-0.01,0.00617,-0.00081,0.00774,0.00109,0.13007
279,285696,40.50953,256.4,1.0,0.84,1.702317,0.099903,12.797241,0.00038,865,-0.01,0.0073,3e-05,0.00757,-0.00023,0.21747
280,286720,48.89373,207.75,1.0,0.85,1.662011,-0.044167,17.380064,0.000687,1082,-0.01,0.00484,-0.00173,0.00738,0.00021,0.25167
281,287744,35.93151,294.33333,1.0,0.85,1.676268,0.022371,9.067944,0.001066,1087,-0.01,0.00546,-0.00189,0.00731,0.00511,0.14351
282,288768,48.13869,237.4,1.0,0.85,1.673666,-0.000395,14.049181,0.001182,924,-0.01,0.00764,4e-05,0.0078,0.00367,0.26845
283,289792,34.16984,290.5,0.75,0.84,1.666694,0.001194,15.885112,0.001652,972,-0.01,0.00577,0.0006,0.00796,-0.00229,0.16581
284,290816,43.95578,225.33333,1.0,0.84,1.646567,-0.021733,9.291827,0.000899,1003,-0.01,0.00628,-0.00026,0.00841,0.00012,0.16245
285,291840,31.72282,260.83333,1.0,0.85,1.693785,0.000619,13.595592,0.001244,993,-0.01,0.00622,-0.00068,0.00776,-0.00088,0.2426
286,292864,42.43558,197.83333,1.0,0.85,1.650159,-0.036477,14.675807,0.00049,869,-0.01,0.00683,-0.0006,0.00813,0.00255,0.27193
287,293888,45.68129,181.0,1.0,0.85,1.667806,9.3e-05,16.925586,0.00102,959,-0.01,0.00466,-0.00186,0.0084,-0.00259,0.27011
288,294912,30.13646,254.0,1.0,0.85,1.616111,0.019998,7.178123,0.000797,974,-0.01,0.00554,-0.00194,0.00786,-0.001,0.03691
289,295936,41.06249,190.8,1.0,0.85,1.63268,0.032307,11.863223,0.001195,1062,-0.01,0.00616,-0.00146,0.00791,0.00197,0.2706
290,296960,36.0798,345.0,1.0,0.85,1.643177,0.128084,16.708538,0.000919,1035,-0.01,0.00506,-9e-05,0.00741,-0.0259,0.09448
291,297984,24.20999,332.75,0.75,0.85,1.691192,-0.000491,11.625095,0.001479,1102,-0.01,0.00468,-0.00075,0.00812,-0.00282,0.13483
292,299008,24.73443,373.5,0.75,0.85,1.667391,-0.000474,9.555135,0.00077,929,-0.01,0.00758,-0.00092,0.00762,0.00017,0.13892
293,300032,37.84723,195.83333,1.0,0.87,1.673376,-0.001505,17.662518,0.000621,1003,-0.01,0.00624,-0.00157,0.00721,-0.00043,0.29482
294,301056,47.9762,154.25,1.0,0.9,1.688316,-0.090662,18.178151,0.001216,1003,-0.01,0.00634,-0.0019,0.00668,-0.01523,0.23984
295,302080,34.76734,260.0,0.8,0.92,1.678328,-6.2e-05,14.137628,0.001203,1006,-0.01,0.00617,-0.00244,0.00798,0.0015,0.21813
296,303104,39.0246,193.25,1.0,0.94,1.646506,-0.000622,15.697801,0.00032,1008,-0.01,0.0061,-0.00112,0.00762,-0.00143,0.19529
297,304128,29.92409,286.6,0.8,0.94,1.623992,-0.000367,12.026311,0.000539,961,-0.01,0.00817,-0.0014,0.00786,0.00213,0.19827
298,305152,45.33022,155.57143,1.0,0.94,1.653005,-0.005051,13.596542,0.000868,936,-0.01,0.00718,-0.00118,0.00791,0.0028,0.36516
299,306176,42.54721,164.57143,1.0,0.94,1.636514,-0.099902,17.551734,0.001582,1029,-0.01,0.00593,-4e-05,0.00707,0.00105,0.36145
300,307200,38.22621,230.4,0.8,0.94,1.587041,0.000289,11.203847,0.000302,899,-0.01,0.00712,-0.00026,0.00871,0.00345,0.20238
301,308224,47.74517,174.75,1.0,0.94,1.585655,0.000239,11.90651,0.000388,961,-0.01,0.00618,-0.00082,0.00865,0.00213,0.20516
302,309248,51.45742,135.0,1.0,0.94,1.6549,0.012245,11.114706,0.003797,1023,-0.01,0.00617,-0.00017,0.00863,0.0041,0.22973
303,310272,45.24146,211.71429,1.0,0.94,1.63687,0.038427,12.975535,0.000861,959,-0.01,0.00698,-0.00101,0.00811,0.00305,0.34051
304,311296,39.70268,211.0,0.85714,0.94,1.589832,-0.000346,13.210168,0.001225,914,-0.01,0.00775,-0.00052,0.00794,0.00263,0.29398
305,312320,46.58658,153.0,1.0,0.94,1.585354,0.182655,14.873643,0.001325,947,-0.01,0.00631,5e-05,0.00886,0.00293,0.29814
306,313344,48.72721,233.0,1.0,0.94,1.606884,-0.006359,14.665359,0.001995,952,-0.01,0.00588,-0.00068,0.00827,0.00334,0.20479
307,314368,46.92977,166.8,1.0,0.94,1.616651,0.000813,13.142706,0.000954,966,-0.01,0.00603,-0.00086,0.00779,0.00275,0.25492
308,315392,44.29549,175.0,1.0,0.94,1.643921,-0.007295,9.962388,0.001328,980,-0.01,0.00674,-0.00157,0.00833,0.00177,0.24436
309,316416,44.95472,183.0,1.0,0.94,1.660235,-0.210467,22.395735,0.001379,1062,-0.01,0.00382,-0.00267,0.00864,0.00178,0.15826
310,317440,34.85705,291.83333,0.83333,0.94,1.709795,-0.124601,11.119145,0.002036,937,-0.01,0.00606,-0.00055,0.00797,0.00195,0.22416
311,318464,44.00485,247.66667,1.0,0.94,1.724289,0.137785,18.849836,0.003271,1055,-0.01,0.00469,-0.00081,0.00737,-0.00083,0.15537
312,319488,34.33243,238.66667,1.0,0.95,1.695359,0.000714,9.030226,0.001443,1027,-0.01,0.00537,-0.0009,0.00867,7e-05,0.1192
313,320512,33.47172,289.6,1.0,0.95,1.695623,-0.018197,11.313613,0.002282,1078,-0.01,0.00478,-0.00027,0.0074,0.00041,0.20386
314,321536,38.35806,326.0,1.0,0.95,1.716381,-0.000181,6.658383,0.001044,1076,-0.01,0.00496,-0.00166,0.00871,-0.00204,0.09186
315,322560,33.62087,213.0,1.0,0.95,1.767199,0.008429,10.217938,0.000974,1255,-0.01,0.0043,-0.00154,0.00889,-0.02165,0.0948
316,323584,22.08593,418.33333,0.66667,0.95,1.820671,0.027978,7.267431,0.001379,1294,-0.01,0.00465,-0.00131,0.00756,0.00106,0.09878
317,324608,21.20697,459.0,0.5,0.94,1.701891,0.004418,4.677631,0.001143,1325,-0.01,0.00351,-0.00094,0.0064,-0.00234,0.06497
318,325632,10.21413,486.0,0.5,0.93,1.774656,-0.109171,9.099023,0.000477,1210,-0.01,0.0047,-0.00046,0.0072,-0.00016,0.04525
319,326656,28.04201,433.25,1.0,0.93,1.700851,-0.000859,14.191383,0.000679,1117,-0.01,0.00432,-0.00095,0.00827,-0.00837,0.14789
320,327680,24.48564,310.0,0.66667,0.93,1.670333,-0.000467,7.610142,0.000709,1231,-0.01,0.0044,-0.00028,0.00691,0.00013,0.10826
321,328704,22.70846,380.66667,0.66667,0.92,1.686338,0.042397,3.782692,0.001394,1027,-0.01,0.00527,-0.00033,0.00759,5e-05,0.08536
322,329728,41.60903,279.75,1.0,0.92,1.658684,0.011386,11.302424,0.002032,992,-0.01,0.00514,-0.00076,0.00774,0.00011,0.19631
323,330752,41.20462,257.0,1.0,0.92,1.593854,0.000103,12.488875,0.001004,1052,-0.01,0.00606,0.00024,0.00806,-0.00233,0.15894
324,331776,38.86711,204.0,1.0,0.92,1.624539,0.000264,11.828441,0.001143,1079,-0.01,0.00651,-0.00137,0.00681,-0.00173,0.21092
325,332800,30.46598,275.0,0.8,0.92,1.642539,0.095305,13.217369,0.0037,1074,-0.01,0.00667,-0.00166,0.00745,0.00094,0.20602
326,333824,32.36148,264.4,0.8,0.91,1.660784,0.053529,9.731734,0.001232,1051,-0.01,0.00705,0.0001,0.00748,-0.00173,0.20124
327,334848,33.21706,231.8,1.0,0.91,1.65383,0.000352,10.993905,0.000281,967,-0.01,0.0079,-7e-05,0.00758,0.00147,0.18554
328,335872,48.29473,156.75,1.0,0.91,1.605544,-0.000263,14.321213,0.000175,1082,-0.01,0.00652,0.00044,0.00771,-0.00225,0.24376
329,336896,32.05267,247.2,1.0,0.92,1.629911,-0.000362,9.665249,0.000687,1064,-0.01,0.00727,0.00088,0.00834,0.00299,0.19825
330,337920,50.60807,153.75,1.0,0.92,1.631705,8e-05,10.974593,0.000586,1027,-0.01,0.00601,-0.0009,0.00879,0.00244,0.2326
331,338944,43.38245,162.2,1.0,0.92,1.617358,-0.010902,9.802764,0.000708,1014,-0.01,0.00627,-6e-05,0.00804,0.00314,0.25609
332,339968,36.83397,254.2,0.8,0.91,1.603682,0.141172,12.597489,0.001583,982,-0.01,0.00645,-0.00018,0.00824,0.00174,0.20614
333,340992,36.44614,254.28571,0.85714,0.9,1.548599,0.064256,12.17138,0.00065,981,-0.01,0.00753,0.00015,0.00858,0.00067,0.28556
334,342016,30.16973,198.2,1.0,0.9,1.672507,0.018921,19.101856,0.001684,1198,-0.01,0.00579,-0.0001,0.00769,-0.00914,0.21876
335,343040,27.03478,198.5,1.0,0.91,1.607208,-0.000753,9.690639,0.00033,984,-0.01,0.00745,-0.00021,0.00871,0.00149,0.12559
336,344064,39.57336,174.66667,1.0,0.91,1.651076,0.000251,13.265978,0.000852,918,-0.01,0.00655,-0.00042,0.01034,0.00112,0.25881
337,345088,50.56801,184.4,1.0,0.91,1.653944,0.000908,9.717035,0.002388,965,-0.01,0.00649,-0.00075,0.00905,0.00409,0.27519
338,346112,46.85984,192.0,1.0,0.91,1.654929,-0.000615,11.796425,0.00042,982,-0.01,0.00649,-0.00178,0.00868,0.00337,0.26433
339,347136,42.60498,208.83333,1.0,0.92,1.582816,0.014499,7.941368,0.000406,885,-0.01,0.00716,-4e-05,0.0083,0.00536,0.25853
340,348160,48.17864,160.0,1.0,0.94,1.669609,0.008281,9.2993,0.00047,912,-0.01,0.00553,-0.0005,0.00831,0.00194,0.26584
341,349184,42.06726,188.28571,1.0,0.95,1.580209,-0.031728,11.230851,0.000565,859,-0.01,0.00652,-0.00075,0.00832,0.00175,0.3117
342,350208,43.26419,208.0,1.0,0.96,1.560154,-0.013919,8.962253,0.003412,1002,-0.01,0.00732,-0.00067,0.00881,0.00013,0.19581
343,351232,40.90236,176.875,1.0,0.96,1.652737,-0.02414,13.1834,0.000643,968,-0.01,0.00707,0.00032,0.00759,0.0021,0.36623
344,352256,45.26896,151.0,1.0,0.97,1.602692,-0.000234,9.732105,0.000448,931,-0.01,0.0072,-0.00051,0.00811,0.00222,0.18856
345,353280,46.93408,163.66667,1.0,0.98,1.605948,0.1418,12.11657,0.000755,983,-0.01,0.00669,-0.00017,0.0078,0.00296,0.31533
346,354304,41.65104,188.0,1.0,0.98,1.715458,-0.047188,12.122756,0.001012,957,-0.01,0.00653,-0.00029,0.0087,-0.00156,0.27463
347,355328,44.44861,165.33333,1.0,0.98,1.646654,-0.065901,12.321763,0.001065,1092,-0.01,0.00601,-0.00176,0.00914,0.00328,0.32978
348,356352,35.11545,215.5,1.0,0.98,1.625063,-0.003354,5.61129,0.002922,1024,-0.01,0.00604,-0.00031,0.00876,9e-05,0.08435
349,357376,41.78906,213.8,1.0,0.98,1.656381,-5.2e-05,8.440296,0.000933,1127,-0.01,0.00482,-0.00096,0.00885,0.00286,0.27122
350,358400,29.79531,361.0,0.66667,0.97,1.672832,0.000152,9.338142,0.000401,1034,-0.01,0.0048,-0.00216,0.0093,-3e-05,0.10502
351,359424,39.56728,280.0,1.0,0.98,1.712333,-0.000626,9.089041,0.000942,1106,-0.01,0.00404,-0.00333,0.00912,0.00305,0.14435
352,360448,34.19479,341.6,0.8,0.97,1.624547,-0.099497,9.380737,0.004848,950,-0.01,0.005,-0.00031,0.00869,0.00149,0.18157
353,361472,nan,nan,0.0,0.97,1.723419,0.020557,9.456344,0.00182,1130,-0.01,0.00285,-0.00124,0.00953,-0.00234,0.0
354,362496,39.75983,335.0,1.0,0.98,1.764011,-0.174817,17.526996,0.002982,1160,-0.01,0.00491,-0.0024,0.00993,0.00052,0.25475
355,363520,30.05087,367.75,1.0,0.98,1.668434,-0.000254,7.651517,0.000389,1004,-0.01,0.00498,-0.0003,0.00859,0.00249,0.13841
356,364544,34.57144,252.0,1.0,0.98,1.728356,0.061111,5.683461,0.000858,984,-0.01,0.0045,-0.00057,0.00832,-0.00312,0.03926
357,365568,39.38643,290.75,1.0,0.98,1.677998,-0.000227,11.111281,0.000711,1067,-0.01,0.00563,-0.00173,0.00831,-8e-05,0.19762
358,366592,26.30103,289.0,1.0,0.98,1.700352,-0.000683,3.389573,0.000557,1023,-0.01,0.00434,-0.00134,0.00732,-0.00187,0.06184
359,367616,26.57252,337.2,0.8,0.97,1.728155,-0.001983,8.999439,0.001874,1035,-0.01,0.00548,-0.00133,0.00804,0.00045,0.16445
360,368640,38.09665,252.75,1.0,0.97,1.741319,-0.00032,14.330346,0.000472,1010,-0.01,0.00516,-0.00096,0.00916,0.00189,0.17145
361,369664,37.09626,296.4,1.0,0.97,1.782237,-0.027523,20.58513,0.00329,1007,-0.01,0.00534,0.00066,0.00898,-0.01914,0.22826
362,370688,41.02072,211.2,1.0,0.97,1.653265,0.032977,8.455016,0.0003,919,-0.01,0.00696,-0.00092,0.0083,0.00105,0.21449
363,371712,42.46152,196.8,1.0,0.97,1.758773,-0.02798,11.888448,0.000809,975,-0.01,0.00606,-0.0022,0.00867,0.00271,0.2348
364,372736,40.45769,231.0,1.0,0.97,1.683006,0.053643,6.37602,0.000877,912,-0.01,0.0055,-0.00116,0.00861,0.00151,0.1273
365,373760,37.17354,222.6,1.0,0.97,1.656247,-0.00174,10.83353,0.00103,1022,-0.01,0.00622,-0.00036,0.00873,-0.00093,0.21746
366,374784,41.4806,227.4,1.0,0.97,1.600393,-0.047637,11.860855,0.002865,1012,-0.01,0.00513,-0.00122,0.00928,0.00046,0.24246
367,375808,45.09472,251.0,1.0,0.97,1.606614,0.008129,5.256472,0.001588,902,-0.01,0.00647,0.00053,0.00776,0.00295,0.09638
368,376832,37.4302,234.625,0.875,0.96,1.59229,-0.000214,9.264,0.001192,912,-0.01,0.00704,0.00017,0.00834,0.00377,0.32388
369,377856,50.41077,231.0,1.0,0.96,1.649008,-0.029089,12.818467,0.001869,1032,-0.01,0.00343,0.00106,0.00813,-0.00483,0.0595
370,378880,28.78609,223.33333,1.0,0.96,1.605692,-0.000352,7.608262,0.000375,942,-0.01,0.00612,-0.00034,0.00886,0.00158,0.19816
371,379904,47.58297,217.4,1.0,0.96,1.561862,0.038921,28.520056,0.000757,984,-0.01,0.00569,-0.00061,0.00779,-0.0184,0.27545
372,380928,22.27149,292.0,1.0,0.96,1.659697,0.064009,12.450549,0.001335,1176,-0.01,0.00443,-0.00121,0.00655,-0.01197,0.10096
373,381952,25.80236,276.0,1.0,0.96,1.587392,0.000388,7.617408,0.000804,1131,-0.01,0.00495,-0.00123,0.00856,-0.00155,0.14912
374,382976,-16.71378,600.0,0.0,0.95,1.656642,0.128222,6.572459,0.000586,1123,-0.01,0.00405,-0.00176,0.00732,-0.00051,0.0
375,384000,34.38462,261.8,1.0,0.95,1.69694,0.066612,12.090017,0.001279,1022,-0.01,0.00562,-0.00169,0.00788,0.00037,0.21483
376,385024,-4.04671,241.0,0.0,0.94,1.705851,0.069254,9.299724,0.001173,1147,-0.01,0.00433,-0.00075,0.0075,-0.00751,-0.00017
377,386048,26.33544,314.33333,0.83333,0.94,1.659577,-6.4e-05,11.741434,0.000359,967,-0.01,0.00652,0.00112,0.00846,0.00206,0.1847
378,387072,21.17519,415.5,0.5,0.94,1.662495,-0.000206,10.210649,0.000181,935,-0.01,0.00505,-0.00032,0.00855,-0.02505,0.04367
379,388096,33.15404,233.5,1.0,0.94,1.637508,-0.039471,14.411689,0.001029,988,-0.01,0.00563,-0.00153,0.00815,0.00144,0.25634
380,389120,37.75881,228.0,1.0,0.94,1.616832,-0.000223,6.604307,0.000744,1061,-0.01,0.00411,-0.00113,0.0065,-0.00298,0.04811
381,390144,26.02718,318.16667,0.83333,0.93,1.588973,0.051314,12.020141,0.000312,1060,-0.01,0.00553,-0.00204,0.0079,0.00096,0.20522
382,391168,33.27521,358.5,1.0,0.93,1.625114,-0.000256,8.082575,0.000304,965,-0.01,0.00499,-0.0016,0.00765,-0.00262,0.07953
383,392192,32.24122,246.4,1.0,0.94,1.593991,0.048984,7.169546,0.000763,953,-0.01,0.00545,-0.0011,0.00808,-0.00133,0.1862
384,393216,50.16736,204.0,1.0,0.94,1.549598,0.05136,8.181797,0.002169,1069,-0.01,0.00383,-0.00132,0.00695,-0.00218,0.06012
385,394240,23.79403,348.66667,1.0,0.94,1.582497,-0.000177,11.406613,0.000642,1145,-0.01,0.00476,-0.00208,0.00838,-0.033,0.09745
386,395264,26.695,320.8,1.0,0.94,1.566267,-0.000206,7.296134,0.000272,951,-0.01,0.0055,-2e-05,0.00891,0.0007,0.17529
387,396288,8.30396,254.0,1.0,0.94,1.673594,-0.015511,9.208492,0.000907,1212,-0.01,0.00343,-0.00042,0.00812,-0.01933,0.02776
388,397312,31.69005,286.5,1.0,0.94,1.628414,-0.033413,5.897651,0.001323,996,-0.01,0.00472,0.00053,0.00997,0.0013,0.14263
389,398336,36.89426,341.8,0.8,0.93,1.607413,-0.087548,19.559724,0.002313,1027,-0.01,0.00339,-0.00173,0.00793,-0.02316,0.20546
390,399360,14.88814,404.0,0.66667,0.92,1.590259,-0.029315,5.376557,0.000462,946,-0.01,0.00536,-0.00262,0.00734,-0.00219,0.07195
391,400384,29.19303,242.75,1.0,0.92,1.592947,-0.032919,13.429973,0.000773,1117,-0.01,0.00448,0.00054,0.00837,-0.02392,0.17171
392,401408,34.83466,247.0,1.0,0.92,1.623828,9.9e-05,7.771046,0.000904,1012,-0.01,0.00556,-0.0022,0.00899,0.00067,0.12121
393,402432,36.901,232.33333,1.0,0.92,1.613178,-0.00061,12.18908,0.000812,1173,-0.01,0.00515,0.0002,0.00772,-0.00373,0.14644
394,403456,33.28726,302.25,1.0,0.92,1.693067,0.047166,6.251723,0.001177,1174,-0.01,0.00555,-0.00186,0.00829,-0.00235,0.17878
395,404480,33.75897,268.0,1.0,0.92,1.639207,0.048844,13.887633,0.003483,1117,-0.01,0.00572,-0.00128,0.00845,0.00061,0.22071
396,405504,21.42213,412.5,0.5,0.91,1.651218,1.6e-05,9.314305,0.000418,1135,-0.01,0.00547,-0.00189,0.00762,-0.00301,0.06058
397,406528,33.51535,230.0,1.0,0.92,1.682896,0.070041,8.824534,0.001031,1043,-0.01,0.0054,-0.00109,0.00949,0.00203,0.15832
398,407552,10.23197,278.33333,0.66667,0.91,1.699455,8.2e-05,15.482024,0.000379,1219,-0.01,0.00502,0.00056,0.00762,-0.04862,0.07225
399,408576,30.21466,298.75,1.0,0.91,1.696978,0.065651,12.937524,0.002184,1032,-0.01,0.00681,-0.00158,0.00845,0.00182,0.15326
400,409600,49.38135,252.0,1.0,0.91,1.714043,0.001766,17.51477,0.002881,1043,-0.01,0.00624,-0.00141,0.00878,-0.00018,0.22779
401,410624,33.26722,308.0,0.75,0.9,1.708576,-0.000166,10.268673,0.000177,1032,-0.01,0.00702,-0.0007,0.00837,-0.00089,0.16282
402,411648,46.58633,170.33333,1.0,0.9,1.683366,0.000165,14.175989,0.000928,1114,-0.01,0.00529,-0.00217,0.00823,0.00239,0.17823
403,412672,26.56322,339.33333,0.66667,0.9,1.70421,0.012106,6.934905,0.00237,1120,-0.01,0.00608,-0.00158,0.00857,0.0004,0.10286
404,413696,37.84716,277.0,0.8,0.9,1.674389,0.031901,14.512603,0.001564,1119,-0.01,0.00635,-0.00192,0.0081,0.00177,0.23513
405,414720,28.64894,374.5,0.5,0.9,1.707034,-0.000541,8.940233,0.001313,1092,-0.01,0.00625,-0.00088,0.00873,0.00173,0.07043
406,415744,48.10738,163.5,1.0,0.91,1.75482,-0.000707,18.30294,0.000458,1154,-0.01,0.00632,-0.00134,0.00734,0.00118,0.24439
407,416768,25.84026,364.0,0.6,0.89,1.71779,0.03812,10.027635,0.001418,1069,-0.01,0.00701,-0.00109,0.00748,0.00241,0.16101
408,417792,37.02111,312.33333,0.66667,0.88,1.754649,-0.000249,12.329903,0.000934,1037,-0.01,0.00643,-0.00189,0.0079,0.00175,0.13236
409,418816,41.21242,261.0,1.0,0.88,1.821248,-0.000173,12.385772,0.000404,1101,-0.01,0.0053,-0.00163,0.00916,0.00113,0.10046
410,419840,24.50948,427.5,0.5,0.87,1.843515,-0.001385,6.588276,0.001038,1105,-0.01,0.00471,-0.00172,0.00996,0.00198,0.05779
411,420864,33.1664,446.5,0.75,0.87,1.845508,-0.05457,17.091268,0.001541,978,-0.01,0.0061,-0.00187,0.00881,-0.00186,0.14795
412,421888,41.19525,320.0,1.0,0.87,1.754458,0.018926,9.897893,0.000365,1002,-0.01,0.00729,-0.00209,0.00813,-0.00067,0.14375
413,422912,46.41194,195.5,1.0,0.87,1.79962,-0.072754,18.369943,0.00249,1157,-0.01,0.00673,-0.00179,0.00725,-2e-05,0.1277
414,423936,29.61208,518.0,1.0,0.87,1.831222,0.019822,4.678288,0.000585,1284,-0.01,0.00543,-0.00231,0.00747,0.00228,0.04416
415,424960,30.81228,352.16667,0.83333,0.86,1.797262,-0.000307,22.227465,0.000938,1178,-0.01,0.00573,-0.00192,0.00669,0.00016,0.25356
416,425984,28.13327,423.0,1.0,0.86,1.741539,-0.000601,10.643278,0.000871,978,-0.01,0.0067,-0.00218,0.00736,0.00069,0.09721
417,427008,45.24159,233.33333,1.0,0.86,1.721026,0.146922,12.508315,0.000916,1073,-0.01,0.00677,-0.00271,0.00858,0.00015,0.16312
418,428032,42.80344,234.25,1.0,0.87,1.73766,-0.000855,15.777285,0.000498,1114,-0.01,0.00724,-0.00346,0.00821,0.0,0.2151
419,429056,38.77744,296.25,1.0,0.88,1.742006,0.025474,11.489284,0.001408,1128,-0.01,0.0059,-0.00318,0.00748,0.00496,0.19722
420,430080,33.03731,323.66667,0.66667,0.87,1.772852,0.138116,14.031927,0.000681,1001,-0.01,0.00738,-0.00258,0.00762,0.00091,0.11219
421,431104,40.62153,194.5,1.0,0.87,1.757969,-0.000254,14.272287,0.000423,1039,-0.01,0.00685,-0.00247,0.00863,0.00283,0.18967
422,432128,44.3325,261.75,1.0,0.87,1.800626,-0.155573,21.845841,0.000949,942,-0.01,0.00585,-0.00253,0.00824,0.00173,0.19071
423,433152,29.76524,413.33333,0.66667,0.86,1.716791,0.027654,6.099446,0.001097,1005,-0.01,0.00629,-0.0042,0.00866,0.00121,0.09844
424,434176,44.64129,208.66667,1.0,0.86,1.739587,-0.001329,13.761609,0.000569,1054,-0.01,0.00672,-0.00395,0.0087,0.00226,0.15665
425,435200,35.83237,319.0,0.8,0.86,1.741419,0.042924,15.106139,0.001987,1077,-0.01,0.00536,-0.00494,0.00922,0.0009,0.21604
426,436224,19.42514,459.0,0.5,0.85,1.715361,-0.000534,6.931824,0.000441,1023,-0.01,0.00598,-0.00446,0.00882,-0.00193,0.04582
427,437248,38.49341,212.0,1.0,0.85,1.757759,-0.000363,7.927312,0.000676,1175,-0.01,0.0059,-0.00481,0.00756,0.00071,0.05065
428,438272,22.16159,409.0,0.5,0.84,1.784713,-0.000768,8.85598,0.000594,1262,-0.01,0.00419,-0.00662,0.00855,-4e-05,0.06607
429,439296,nan,nan,0.0,0.84,1.800264,-0.000886,1.882576,0.001069,1393,-0.01,0.00304,-0.00701,0.00834,0.00054,0.0
430,440320,-1.81579,600.0,0.0,0.81,1.801717,-0.000995,0.768485,0.001762,1185,-0.01,0.00523,-0.00414,0.00962,0.00052,0.0
431,441344,15.17533,502.0,0.33333,0.79,1.796927,-0.000261,8.771197,0.000468,1046,-0.01,0.00521,-0.00397,0.00884,-0.00049,0.05504
432,442368,-1.41964,600.0,0.0,0.78,1.812185,-0.000344,1.466242,0.000432,1248,-0.01,0.0033,-0.00442,0.00812,-0.00283,0.0
433,443392,nan,nan,0.0,0.78,1.823378,-0.001387,0.638832,0.001191,1328,-0.01,0.0033,-0.00501,0.0086,0.00076,0.0
434,444416,0.47734,600.0,0.0,0.77,1.809937,-0.037498,0.662214,0.002772,1369,-0.01,0.0035,-0.00489,0.00787,-0.00176,0.0
435,445440,-1.1727,600.0,0.0,0.73,1.781306,-0.000772,0.343188,0.001286,1155,-0.01,0.00566,-0.00271,0.0081,0.00094,0.0
436,446464,16.45943,464.0,0.33333,0.72,1.83786,0.055966,8.728744,0.000796,1012,-0.01,0.0062,-0.00341,0.00769,0.00031,0.06037
437,447488,25.13887,390.5,0.5,0.71,1.807649,0.027035,9.590988,0.002843,1161,-0.01,0.00496,-0.00351,0.00741,-0.00053,0.06501
438,448512,33.89734,411.0,1.0,0.72,1.799412,0.000654,14.888701,0.00217,1186,-0.01,0.00481,-0.00423,0.00862,-0.0004,0.09362
439,449536,22.85957,468.0,1.0,0.72,1.765293,-0.001772,18.016204,0.001365,1279,-0.01,0.00361,-0.00491,0.00821,-0.0275,0.09306
440,450560,11.84638,589.5,0.5,0.71,1.783689,-0.001709,5.532433,0.001213,1130,-0.01,0.00523,-0.00303,0.00782,-0.00161,0.03359
441,451584,41.08127,351.25,1.0,0.73,1.789279,-0.000263,32.242284,0.001017,1181,-0.01,0.00605,-0.00264,0.00746,-0.00128,0.22348
442,452608,-1.59226,600.0,0.0,0.72,1.75669,-0.002115,1.569357,0.000754,1216,-0.01,0.00605,-0.00269,0.00732,-0.00165,0.0
443,453632,30.33776,335.16667,0.83333,0.73,1.785666,-0.000522,36.423348,0.003347,1173,-0.01,0.00708,-0.0026,0.00784,0.00052,0.25543
444,454656,nan,nan,0.0,0.73,1.81372,0.001141,0.764782,0.001236,1058,-0.01,0.00672,-0.00407,0.00824,0.00303,0.0
445,455680,30.23165,381.66667,0.66667,0.72,1.764334,-0.029585,13.107918,0.002116,1145,-0.01,0.0061,-0.00268,0.00781,-0.00026,0.11934
446,456704,20.70774,494.0,0.5,0.72,1.794284,-0.000877,6.371999,0.00062,1045,-0.01,0.00644,-0.00295,0.00831,-0.00022,0.05055
447,457728,37.73162,360.0,1.0,0.73,1.809853,-0.000429,12.753225,0.002818,1146,-0.01,0.00476,-0.00237,0.00766,0.00126,0.09592
448,458752,28.60496,461.6,0.8,0.73,1.788593,-0.000576,18.429638,0.001304,988,-0.01,0.00692,-0.00295,0.00817,-0.00023,0.16988
449,459776,36.88691,310.5,1.0,0.73,1.768643,-0.075205,11.377062,0.002932,1002,-0.01,0.00738,-0.0033,0.00851,-4e-05,0.08204
450,460800,42.56691,300.75,1.0,0.73,1.70448,-0.016775,13.388398,0.000624,1069,-0.01,0.0073,-0.0033,0.00866,-0.00022,0.20913
451,461824,29.25712,322.0,1.0,0.74,1.670034,0.044175,7.694233,0.001701,1184,-0.01,0.00634,-0.00276,0.00807,-0.00385,0.08178
452,462848,30.80688,335.33333,1.0,0.74,1.669675,-0.000285,12.571864,0.001214,1173,-0.01,0.0055,-0.00354,0.00881,7e-05,0.12375
453,463872,36.77878,272.0,1.0,0.74,1.683412,0.065674,16.060877,0.00052,994,-0.01,0.00826,-0.00258,0.00859,0.00187,0.21256
454,464896,38.99578,256.66667,0.83333,0.73,1.723026,0.002342,20.045973,0.004257,1135,-0.01,0.00632,-0.00296,0.00831,-5e-05,0.3081
455,465920,37.47841,290.0,1.0,0.73,1.705265,-0.000617,7.538658,0.00035,997,-0.01,0.00807,-0.00329,0.00787,-0.00044,0.08588
456,466944,38.03539,216.75,1.0,0.74,1.674297,-0.008303,14.854447,0.000673,1132,-0.01,0.00697,-0.00471,0.00803,0.00074,0.20137
457,467968,34.34038,290.0,0.75,0.73,1.632016,-0.000888,10.168245,0.000353,1082,-0.01,0.00609,-0.00424,0.00832,0.00074,0.1765
458,468992,40.03196,217.5,1.0,0.73,1.64891,-0.000237,9.747274,0.000309,1122,-0.01,0.00646,-0.00429,0.00851,-0.01884,0.10235
459,470016,35.80898,282.71429,0.85714,0.73,1.674144,0.000646,13.736689,0.000935,1025,-0.01,0.00758,-0.00298,0.00842,0.0014,0.30086
460,471040,38.13087,239.6,1.0,0.73,1.659514,0.011503,14.493744,0.001885,1001,-0.01,0.00731,-0.00264,0.00799,-0.00076,0.24024
461,472064,30.54086,256.5,1.0,0.74,1.663819,1e-06,8.606063,0.00085,1006,-0.01,0.00749,-0.00389,0.00828,-0.00039,0.07188
462,473088,40.35445,232.6,1.0,0.76,1.608209,-0.068397,12.373955,0.000474,1031,-0.01,0.0074,-0.00415,0.00939,-0.00126,0.24577
463,474112,35.96599,239.2,1.0,0.8,1.757272,0.004737,15.543667,0.000918,1046,-0.01,0.00725,-0.00377,0.00894,0.00302,0.21908
464,475136,40.5738,233.8,1.0,0.85,1.649434,-0.074759,11.549494,0.001177,941,-0.01,0.00811,-0.0031,0.00883,0.00174,0.22038
465,476160,45.32238,173.2,1.0,0.89,1.656008,0.000111,13.759026,0.000661,1001,-0.01,0.00764,-0.0025,0.00843,0.0022,0.25573
466,477184,45.35507,184.66667,1.0,0.91,1.683976,-0.01117,10.138815,0.001043,1035,-0.01,0.00646,-0.00248,0.00742,-0.00123,0.16004
467,478208,34.81347,202.0,1.0,0.91,1.677369,-0.035582,10.976859,0.00067,1082,-0.01,0.00586,-0.00282,0.00817,-0.00141,0.17548
468,479232,36.02481,309.0,0.85714,0.92,1.675028,0.000291,9.740377,0.001413,965,-0.01,0.00776,-0.00219,0.00811,0.0053,0.28016
469,480256,48.56394,173.0,1.0,0.92,1.687262,0.019505,9.138635,0.000611,960,-0.01,0.00666,-0.00235,0.00795,0.00046,0.1047
470,481280,39.66672,210.14286,1.0,0.94,1.678224,-0.000341,9.12218,0.000402,951,-0.01,0.00881,-0.00272,0.00823,0.00069,0.30442
471,482304,44.55978,182.0,1.0,0.95,1.616673,-0.000138,10.459366,0.000812,1046,-0.01,0.00632,-0.00226,0.00821,0.00011,0.10601
472,483328,39.47219,230.0,1.0,0.96,1.64343,-0.000122,13.819612,0.000974,1008,-0.01,0.00681,-0.00263,0.00841,0.00104,0.31875
473,484352,50.2454,180.0,1.0,0.96,1.665191,3.5e-05,8.858001,0.000348,979,-0.01,0.0064,-0.00359,0.00829,0.00467,0.16532
474,485376,42.67531,240.83333,1.0,0.96,1.649761,-0.000246,6.702734,0.000129,913,-0.01,0.00696,-0.00251,0.00856,0.00263,0.26921
475,486400,45.16352,179.16667,1.0,0.96,1.674001,0.000203,15.077174,0.00023,912,-0.01,0.00726,-0.00116,0.00877,0.00296,0.28048
476,487424,45.34398,193.83333,1.0,0.97,1.654299,0.000354,10.70192,0.001184,950,-0.01,0.00725,-0.00166,0.0091,0.00082,0.2936
477,488448,39.9606,211.33333,1.0,0.97,1.680334,-0.004108,6.802412,0.000491,951,-0.01,0.00726,-0.00251,0.00825,-0.00019,0.13475
478,489472,35.92542,212.16667,1.0,0.97,1.63443,-0.000863,12.88132,0.000799,993,-0.01,0.00736,-0.0028,0.00851,-0.02032,0.24998
479,490496,40.58649,213.66667,1.0,0.98,1.6638,5.3e-05,11.399364,0.000754,1128,-0.01,0.00531,-0.00302,0.0072,-0.00177,0.15953
480,491520,29.95133,226.0,1.0,0.99,1.666314,-0.000133,5.885183,0.000103,905,-0.01,0.00811,-0.00313,0.00846,0.00061,0.20852
481,492544,45.66126,192.8,1.0,0.99,1.682596,0.030899,12.798294,0.000454,954,-0.01,0.00688,-0.00287,0.00833,0.00136,0.2599
482,493568,34.13648,227.0,1.0,0.99,1.682998,-0.00019,9.258595,0.000455,1023,-0.01,0.00647,-0.00282,0.00855,-0.00054,0.12384
483,494592,34.85538,240.6,1.0,0.99,1.647533,-0.020294,7.258883,0.001568,961,-0.01,0.00795,-0.00328,0.00908,-0.00349,0.2009
484,495616,47.98755,171.0,1.0,0.99,1.656406,3.2e-05,10.607457,0.00141,1136,-0.01,0.0044,-0.00372,0.00858,0.00134,0.19096
485,496640,33.91131,259.4,1.0,0.99,1.645677,0.08568,8.92169,0.000411,1031,-0.01,0.00644,-0.00381,0.00779,-0.00196,0.20876
486,497664,28.56,289.8,0.8,0.98,1.617944,-0.020857,12.626501,0.000563,1112,-0.01,0.0063,-0.00404,0.00676,-0.00241,0.19758
487,498688,29.02832,298.0,1.0,0.98,1.645802,0.012073,13.006231,0.000832,1064,-0.01,0.00663,-0.0039,0.00794,-0.00071,0.07468
488,499712,37.21325,215.25,1.0,0.98,1.671657,7.1e-05,10.786318,0.0009,1267,-0.01,0.00621,-0.00401,0.00825,-0.0037,0.22124
489,500736,18.96407,370.33333,0.66667,0.97,1.712619,-0.008378,8.269406,0.002892,1229,-0.01,0.00633,-0.00396,0.00791,-0.00011,0.08854
490,501760,32.62918,265.0,1.0,0.98,1.726662,-0.000138,11.694734,0.000759,1183,-0.01,0.00655,-0.0027,0.00887,-6e-05,0.17859
491,502784,28.72523,326.0,0.66667,0.97,1.647698,0.016125,6.508423,0.002219,1063,-0.01,0.00733,-0.00279,0.00772,-0.00108,0.10884
492,503808,51.86191,194.5,1.0,0.97,1.741387,-0.067246,9.894036,0.000478,1242,-0.01,0.00616,-0.00297,0.00849,-0.0034,0.14688
493,504832,30.465,315.5,0.75,0.96,1.685325,0.000726,11.773229,0.001624,1270,-0.01,0.00687,-0.0044,0.00869,0.00114,0.18775
494,505856,25.91544,388.0,0.5,0.95,1.702616,-0.080576,9.243017,0.001694,1285,-0.01,0.0045,-0.00428,0.00773,0.0008,0.07953
495,506880,8.43781,553.0,0.33333,0.93,1.77576,-0.083463,6.860313,0.001254,1185,-0.01,0.00449,-0.00125,0.00913,0.00256,0.04151
496,507904,41.08518,325.0,1.0,0.93,1.733812,-0.000552,13.368978,0.001834,981,-0.01,0.00718,-0.00247,0.00883,0.00117,0.178
497,508928,40.04872,241.0,1.0,0.93,1.746274,-0.001415,13.146436,0.00154,1032,-0.01,0.0062,-0.00353,0.0083,-0.00167,0.1436
498,509952,17.47353,482.5,0.5,0.92,1.724276,8.3e-05,4.944312,0.00031,1054,-0.01,0.00624,-0.00462,0.00924,-0.00045,0.03919
499,510976,35.54758,348.75,1.0,0.92,1.737764,-0.000871,13.518954,0.000754,1099,-0.01,0.00636,-0.00446,0.00852,0.00182,0.18064
500,512000,43.50964,249.0,1.0,0.92,1.758045,-0.077551,14.148167,0.001058,1005,-0.01,0.00757,-0.0022,0.00895,-0.00183,0.09781
501,513024,29.42481,505.0,1.0,0.92,1.784225,-0.055011,7.2486,0.000684,1174,-0.01,0.00545,-0.00289,0.00749,-0.01487,0.07633
502,514048,35.90988,309.33333,1.0,0.92,1.723733,0.019094,10.693417,0.00135,1188,-0.01,0.00636,-0.00337,0.00806,0.00155,0.14963
503,515072,25.26791,483.0,1.0,0.92,1.721676,0.000238,8.019412,0.000449,1088,-0.01,0.0063,-0.00351,0.00873,0.00082,0.06398
504,516096,40.59538,495.0,1.0,0.92,1.740609,-0.015717,6.005433,0.000858,1189,-0.01,0.00461,-0.00436,0.00838,-0.0001,0.05175
505,517120,21.54795,477.66667,0.66667,0.91,1.655915,-0.035095,11.012337,0.000744,1094,-0.01,0.0057,-0.0045,0.00849,-0.02726,0.09325
506,518144,29.67272,525.0,1.0,0.91,1.595492,0.050128,3.730164,0.001734,1061,-0.01,0.00382,-0.00533,0.00899,0.00102,0.03615
507,519168,19.74511,551.66667,0.66667,0.9,1.663074,-0.000962,8.621535,0.001523,1124,-0.01,0.00563,-0.00399,0.00896,-0.0008,0.07596
508,520192,32.66928,378.5,1.0,0.9,1.624501,-0.070909,13.854019,0.000761,1212,-0.01,0.00529,-0.00438,0.00814,-0.00166,0.09138
509,521216,1.31991,570.33333,0.33333,0.88,1.736362,0.014744,4.96781,0.000705,1171,-0.01,0.00678,-0.00348,0.00823,-0.00083,0.03603
510,522240,38.82373,373.0,1.0,0.88,1.728746,-0.090922,10.908592,0.001555,1165,-0.01,0.00663,-0.00331,0.00796,-0.00115,0.05134
511,523264,34.12859,358.33333,1.0,0.88,1.764591,0.054588,13.488487,0.001758,1282,-0.01,0.00506,-0.00206,0.00889,-0.00049,0.14581
512,524288,25.45863,418.25,0.75,0.87,1.704315,0.069889,9.884319,0.001087,1051,-0.01,0.00632,-0.0026,0.00887,0.00107,0.12512
513,525312,20.79784,409.5,0.5,0.86,1.699422,0.000766,5.821619,0.001384,1021,-0.01,0.00622,-0.00156,0.00811,0.00015,0.04767
514,526336,32.95822,354.0,1.0,0.86,1.713003,-0.00045,10.813549,0.00033,1076,-0.01,0.00583,-0.00088,0.00757,-0.00084,0.119
515,527360,33.40759,311.33333,1.0,0.86,1.722133,0.004674,7.555044,0.001207,983,-0.01,0.00638,-0.00214,0.00827,-1e-05,0.11123
516,528384,36.35282,388.66667,1.0,0.86,1.651136,-0.000838,10.131989,0.000513,992,-0.01,0.00676,-0.00076,0.00827,0.00132,0.12165
517,529408,44.35086,262.5,1.0,0.86,1.612419,0.043659,13.206572,0.001842,1060,-0.01,0.00606,-0.00208,0.00867,-0.00058,0.20932
518,530432,36.7073,329.0,1.0,0.86,1.674033,0.047856,8.819734,0.004549,967,-0.01,0.00752,-0.00182,0.00881,0.00116,0.20277
519,531456,41.33204,201.0,1.0,0.86,1.644248,0.031932,5.997862,0.002298,915,-0.01,0.00785,-0.00197,0.00856,0.00055,0.12853
520,532480,40.57676,265.75,1.0,0.86,1.589162,-0.00018,8.297081,0.000742,1008,-0.01,0.00648,-0.0021,0.00902,0.00028,0.18293
521,533504,41.64883,247.0,1.0,0.86,1.556022,-0.000601,5.234203,0.000645,1030,-0.01,0.00586,-0.00199,0.00875,0.00071,0.04684
522,534528,29.25723,435.0,0.75,0.86,1.571288,-0.000414,7.305639,0.000405,980,-0.01,0.00687,-0.00087,0.00939,-0.00193,0.1258
523,535552,26.29831,346.0,1.0,0.86,1.608564,0.021651,4.165746,0.001825,1032,-0.01,0.00537,-0.00129,0.00886,-0.00206,0.03135
524,536576,36.35213,348.16667,1.0,0.87,1.684663,-0.000237,14.786166,0.000964,1089,-0.01,0.00604,-0.00154,0.00926,0.00092,0.26422
525,537600,34.51678,355.0,1.0,0.87,1.638738,0.048303,3.71495,0.001666,908,-0.01,0.00801,-0.00181,0.00883,0.00137,0.07164
526,538624,43.65324,282.66667,1.0,0.87,1.705262,-0.001803,8.023678,0.001107,1067,-0.01,0.00536,-0.00209,0.00887,-0.00124,0.15556
527,539648,31.96969,305.0,1.0,0.88,1.720164,0.115367,5.206317,0.000539,952,-0.01,0.0084,-0.00199,0.00905,-2e-05,0.13941
528,540672,41.4064,214.25,1.0,0.89,1.621069,-0.00053,12.256376,0.000369,1091,-0.01,0.0058,-0.00155,0.00813,-0.00286,0.20465
529,541696,15.99804,336.0,1.0,0.9,1.615222,0.000175,6.598954,0.000666,1201,-0.01,0.00661,-0.00252,0.00752,-0.00052,0.02213
530,542720,30.02624,314.6,0.8,0.91,1.61936,-0.000798,8.492595,0.00046,1101,-0.01,0.00717,-0.00075,0.00793,0.00136,0.18212
531,543744,33.16101,353.0,1.0,0.91,1.652395,0.02395,8.025669,0.001658,1090,-0.01,0.00636,-0.00012,0.00741,-0.00112,0.12081
532,544768,31.21272,332.8,0.8,0.91,1.695091,-0.022676,5.998828,0.001206,971,-0.01,0.00724,-0.0009,0.00872,-0.00128,0.17594
533,545792,32.24878,251.0,1.0,0.91,1.689091,-0.000708,8.270012,0.001781,1043,-0.01,0.00531,-0.00042,0.00787,0.00229,0.11671
534,546816,37.41296,249.8,1.0,0.91,1.627964,-0.000255,9.090122,0.001371,943,-0.01,0.00673,-0.00031,0.00908,-0.00227,0.20145
535,547840,28.21528,237.0,1.0,0.91,1.606796,-0.000377,8.41702,0.000742,1078,-0.01,0.00404,-0.00018,0.00818,-0.00188,0.03481
536,548864,36.86481,238.2,1.0,0.91,1.693901,-0.000755,8.680785,0.000634,1120,-0.01,0.00524,-0.00189,0.00766,0.00033,0.24357
537,549888,39.75469,391.0,1.0,0.92,1.66849,-0.000456,9.491101,0.000271,1196,-0.01,0.00455,0.00086,0.00876,-0.0115,0.05189
538,550912,23.08054,359.33333,0.66667,0.91,1.682433,-0.000497,7.33363,0.000245,1130,-0.01,0.00678,-0.00023,0.00862,0.00236,0.19139
539,551936,34.10495,324.0,1.0,0.91,1.644469,-0.000482,5.166986,0.00092,1011,-0.01,0.00494,-0.00025,0.00707,-0.00011,0.07688
540,552960,43.84446,249.5,1.0,0.93,1.714423,-0.058502,12.201294,0.000853,1126,-0.01,0.00587,0.00131,0.00834,-0.02556,0.22005
541,553984,10.69245,347.5,1.0,0.93,1.644784,-0.000306,7.661869,0.00211,1172,-0.01,0.00329,0.00058,0.00842,-0.00384,0.05375
542,555008,24.12752,352.0,0.75,0.93,1.691907,-0.00371,8.182518,0.000537,1144,-0.01,0.00578,0.00036,0.00842,-0.01192,0.14071
543,556032,31.08827,337.33333,1.0,0.94,1.655069,-0.000633,5.757931,0.000577,971,-0.01,0.00413,0.00064,0.0086,0.0009,0.1011
544,557056,41.32517,280.25,1.0,0.94,1.641871,0.000369,7.830029,0.000701,994,-0.01,0.00539,0.0006,0.0095,0.00127,0.17939
545,558080,43.9902,279.0,1.0,0.94,1.650179,0.000438,11.490629,0.000828,999,-0.01,0.00465,0.00031,0.00842,0.00042,0.14236
546,559104,40.28233,349.0,1.0,0.94,1.681215,0.000234,8.783323,0.001317,1047,-0.01,0.00595,0.00036,0.00903,-0.00154,0.18603
547,560128,36.59849,244.83333,1.0,0.94,1.662814,-0.000588,13.838016,0.001021,991,-0.01,0.00612,-0.00027,0.0081,0.003,0.2507
548,561152,40.7838,198.25,1.0,0.94,1.676676,0.00163,16.398667,0.002742,947,-0.01,0.00612,0.0008,0.00811,3e-05,0.17328
549,562176,41.02625,220.8,1.0,0.94,1.691893,0.00019,9.649963,0.001027,951,-0.01,0.00768,-0.00024,0.00892,0.00168,0.22189
550,563200,48.08942,172.6,1.0,0.95,1.684226,-5.4e-05,7.797305,0.00033,908,-0.01,0.00793,0.00025,0.00796,0.00414,0.24633
551,564224,45.25119,174.66667,1.0,0.95,1.660677,0.047806,16.612331,0.000421,1059,-0.01,0.0076,-0.00075,0.00776,-0.00919,0.33367
552,565248,43.39406,170.5,1.0,0.95,1.591749,-0.000899,8.873535,0.000453,1128,-0.01,0.00713,-0.00146,0.00665,0.00094,0.11198
553,566272,29.73034,270.57143,0.85714,0.94,1.558864,0.059391,15.163749,0.000658,1010,-0.01,0.00696,-0.00102,0.00875,-0.02311,0.25662
554,567296,44.66548,186.0,1.0,0.94,1.522106,1.5e-05,14.626714,0.00041,998,-0.01,0.00585,-0.00052,0.0094,0.00137,0.24838
555,568320,43.70027,168.25,1.0,0.95,1.599158,-0.084546,7.45429,0.00331,941,-0.01,0.00655,-2e-05,0.00835,0.00119,0.18507
556,569344,31.90215,176.0,1.0,0.95,1.500696,-0.030283,7.136101,0.001169,1043,-0.01,0.00621,-1e-05,0.00822,0.00025,0.07653
557,570368,29.14183,282.5,0.75,0.95,1.562624,-0.047616,19.606032,0.001843,1127,-0.01,0.00483,-0.00056,0.00773,-0.0302,0.16907
558,571392,28.92722,324.0,0.66667,0.94,1.617658,-0.006201,11.69242,0.001482,1212,-0.01,0.00419,-0.00168,0.00629,-0.01287,0.11371
559,572416,11.89917,356.33333,0.66667,0.93,1.661281,-0.001291,11.050759,0.001056,1245,-0.01,0.00542,-0.00026,0.00712,-0.00122,0.06696
560,573440,10.20786,407.5,0.5,0.91,1.651649,0.000823,9.097946,0.000938,1005,-0.01,0.0061,0.00084,0.00783,-0.00069,0.07687
561,574464,39.22546,208.5,1.0,0.91,1.716802,-0.047484,11.930517,0.000872,1180,-0.01,0.0045,0.00043,0.00788,0.00109,0.10205
562,575488,35.75428,274.5,0.83333,0.9,1.610528,-0.015425,9.721895,0.000391,998,-0.01,0.00723,0.00098,0.00782,0.00143,0.24049
563,576512,40.84298,210.25,1.0,0.9,1.635848,-0.000144,14.883841,0.001979,1137,-0.01,0.00449,0.00242,0.00693,0.00087,0.20797
564,577536,23.9385,314.25,0.75,0.91,1.595382,-0.009063,7.833165,0.000557,1049,-0.01,0.00502,0.00126,0.00873,-0.0004,0.11647
565,578560,34.14649,220.0,1.0,0.91,1.559447,-0.04284,10.046661,0.000835,1030,-0.01,0.00421,0.00191,0.0078,-0.02156,0.07891
566,579584,37.5796,297.5,0.83333,0.9,1.640051,-0.016908,10.514573,0.000572,1019,-0.01,0.00544,0.00359,0.00761,0.0007,0.2432
567,580608,4.40196,309.0,1.0,0.91,1.593595,-0.000208,17.308967,0.000736,1041,-0.01,0.00507,-0.00039,0.00839,-0.07775,0.05136
568,581632,28.21545,237.5,1.0,0.91,1.669015,-7.5e-05,11.952115,0.000164,1068,-0.01,0.00644,0.00126,0.00832,0.00197,0.25945
569,582656,nan,nan,0.0,0.91,1.670457,-0.022759,4.205578,0.001678,1066,-0.01,0.00332,0.00017,0.00837,-0.00019,0.0
570,583680,31.11767,305.6,0.8,0.9,1.694669,-0.03818,7.937485,0.001198,1027,-0.01,0.00561,0.00226,0.00956,0.00135,0.17916
571,584704,39.63108,320.5,1.0,0.9,1.706208,-0.000264,17.293387,0.000919,1094,-0.01,0.00423,0.00078,0.00858,-0.02902,0.18693
572,585728,28.45631,247.33333,1.0,0.9,1.670724,0.000206,10.266289,0.000576,934,-0.01,0.00654,0.00043,0.0078,0.00123,0.20565
573,586752,46.72212,198.0,1.0,0.9,1.685288,0.076815,9.079027,0.001081,966,-0.01,0.00426,-0.00016,0.00884,-0.00225,0.10086
574,587776,32.85997,266.16667,1.0,0.9,1.658256,-0.000278,10.796424,0.000635,1025,-0.01,0.00581,0.00062,0.00839,-0.00014,0.23184
575,588800,37.55182,226.25,1.0,0.9,1.643925,7.2e-05,11.841746,0.000303,972,-0.01,0.00648,0.00107,0.00747,-0.00177,0.16458
576,589824,38.96364,223.75,1.0,0.9,1.646163,-0.001009,9.543459,0.000824,1105,-0.01,0.00502,0.00208,0.00845,-0.00153,0.195
577,590848,34.84092,219.25,1.0,0.9,1.654044,-0.000992,7.682527,0.000366,1070,-0.01,0.00592,0.00071,0.00873,-0.00101,0.16978
578,591872,40.17208,195.2,1.0,0.9,1.651538,-0.000114,7.467191,0.000381,1044,-0.01,0.00541,0.0004,0.00887,0.00314,0.23529
579,592896,32.5613,289.25,0.75,0.9,1.601565,0.003794,7.108022,0.001187,973,-0.01,0.00607,0.00091,0.00727,0.00025,0.15015
580,593920,34.97102,222.6,1.0,0.9,1.547952,0.011854,7.780905,0.000776,964,-0.01,0.00553,0.00052,0.00631,-0.00235,0.19445
581,594944,35.41399,208.16667,1.0,0.91,1.58637,-0.03646,8.164577,0.001045,905,-0.01,0.00615,-0.0004,0.00744,-0.00011,0.23788
582,595968,45.45247,248.0,1.0,0.91,1.599054,0.10659,10.330185,0.001038,995,-0.01,0.00295,0.0002,0.00747,-0.02248,0.05027
583,596992,37.265,252.4,1.0,0.92,1.688623,-0.000389,9.452708,0.000446,1025,-0.01,0.00565,-6e-05,0.00803,-0.01599,0.23701
584,598016,nan,nan,0.0,0.92,1.657143,-0.000642,12.968681,0.000937,1124,-0.01,0.00343,-0.00028,0.00675,-0.02434,0.0
585,599040,18.80833,355.28571,0.71429,0.93,1.721003,-0.007752,8.065227,0.000528,1011,-0.01,0.00546,0.00102,0.00841,-0.0251,0.20937
586,600064,nan,nan,0.0,0.93,1.615585,-0.000364,8.001131,0.000708,1010,-0.01,0.00369,-0.0005,0.008,-0.02911,0.0
587,601088,26.68797,320.6,0.8,0.92,1.675279,-0.000322,16.030271,0.00038,1027,-0.01,0.0055,-0.00046,0.00918,-0.06087,0.19678
588,602112,-3.36248,364.0,1.0,0.92,1.71181,-9.2e-05,13.209373,0.000429,1030,-0.01,0.00416,-0.00153,0.00875,-0.04529,0.02252
589,603136,30.80425,278.0,1.0,0.93,1.695155,-0.039098,11.907186,0.000895,1168,-0.01,0.00408,0.00067,0.00793,-0.01671,0.26275
590,604160,-21.49175,600.0,0.0,0.91,1.771846,-0.000823,1.457285,0.000943,1013,-0.01,0.0057,-0.00069,0.00887,-0.00024,0.0
591,605184,17.02659,327.0,1.0,0.92,1.76825,-0.014671,5.674403,0.003299,991,-0.01,0.00447,-0.0004,0.00834,-0.00013,0.05394
592,606208,36.24202,352.83333,1.0,0.92,1.769145,-0.000264,10.395554,0.000445,1022,-0.01,0.00522,0.00051,0.00889,0.00046,0.24385
593,607232,33.47928,330.0,1.0,0.93,1.727557,-0.00201,2.954522,0.001027,935,-0.01,0.00567,-0.00062,0.00917,0.00106,0.06908
594,608256,38.81421,306.5,1.0,0.93,1.705313,-0.001519,6.081217,0.001708,958,-0.01,0.00446,-0.00089,0.00854,0.00138,0.08288
595,609280,42.69067,315.75,1.0,0.93,1.712748,0.005037,4.058831,0.000502,950,-0.01,0.00542,-0.00026,0.00854,-0.00238,0.18572
596,610304,31.81723,285.25,1.0,0.93,1.646221,-0.005195,7.71232,0.002322,1020,-0.01,0.00476,-0.00205,0.00834,4e-05,0.1521
597,611328,35.89483,254.5,1.0,0.94,1.775624,0.045959,3.05932,0.000734,924,-0.01,0.00564,-0.00046,0.00922,0.00092,0.15169
598,612352,37.42792,256.75,1.0,0.94,1.672388,0.074974,5.322311,0.007648,971,-0.01,0.00427,0.0013,0.00919,0.00227,0.16178
599,613376,48.05505,272.66667,1.0,0.94,1.691987,-0.029475,5.255703,0.001269,954,-0.01,0.00522,0.00088,0.00894,-0.00073,0.14994
600,614400,33.36852,278.8,1.0,0.94,1.666692,-0.000361,12.300552,0.000259,943,-0.01,0.00481,-0.00049,0.00754,-0.02682,0.18307
601,615424,28.15195,293.66667,1.0,0.94,1.641711,-0.000873,5.358227,0.001277,935,-0.01,0.00578,-0.0006,0.00916,0.00136,0.11361
602,616448,43.14786,273.66667,1.0,0.94,1.699459,0.009495,5.427508,0.000737,940,-0.01,0.00545,-0.00085,0.0081,-0.00013,0.13415
603,617472,40.36014,276.66667,1.0,0.94,1.608401,-0.124456,9.653077,0.001028,987,-0.01,0.00462,-0.00193,0.00805,0.00028,0.13619
604,618496,30.26552,235.33333,1.0,0.94,1.592084,-0.00069,12.14854,0.000939,1020,-0.01,0.00415,0.00155,0.00981,-0.04995,0.12996
605,619520,2.99463,368.66667,0.33333,0.92,1.671363,0.041588,8.212187,0.001075,1134,-0.01,0.00453,0.00025,0.00822,-0.01599,0.02207
606,620544,10.00173,388.66667,0.66667,0.91,1.636299,-0.066156,7.747599,0.001952,1043,-0.01,0.00505,-0.00155,0.00838,-0.01997,0.07579
607,621568,23.07188,381.33333,0.66667,0.9,1.669328,-0.058267,6.029852,0.00123,1060,-0.01,0.0039,-0.00182,0.00733,0.00076,0.08556
608,622592,28.51026,361.25,0.75,0.89,1.703563,-0.005611,4.473974,0.001486,914,-0.01,0.00537,0.0004,0.00895,0.00166,0.11576
609,623616,42.93083,286.5,1.0,0.9,1.659906,0.06542,9.788843,0.001411,977,-0.01,0.0044,0.00014,0.00733,-0.01683,0.09406
610,624640,30.60211,280.8,1.0,0.9,1.739007,-0.000183,6.858096,0.000744,980,-0.01,0.00621,0.00151,0.00808,-0.0153,0.1886
611,625664,7.92979,315.0,1.0,0.9,1.679868,-0.000567,6.128896,0.000504,1128,-0.01,0.00479,0.00018,0.00847,-0.00378,0.02577
612,626688,26.58918,301.57143,1.0,0.9,1.74723,6.9e-05,9.663976,0.000945,1048,-0.01,0.00715,-0.00076,0.00785,-0.00046,0.22747
613,627712,45.45923,282.0,1.0,0.9,1.686859,-0.001045,6.434347,0.000463,964,-0.01,0.00459,0.00116,0.00827,-0.01279,0.04819
614,628736,33.56717,251.33333,1.0,0.91,1.678733,-0.077887,19.367509,0.001308,1031,-0.01,0.00632,0.00071,0.0081,-0.01309,0.25525
615,629760,33.33109,233.0,1.0,0.91,1.678937,9.5e-05,7.854813,0.000674,1059,-0.01,0.00531,0.00073,0.00744,0.00124,0.08057
616,630784,33.08358,270.16667,1.0,0.92,1.73136,-0.000468,8.41268,0.000228,903,-0.01,0.00694,-5e-05,0.0077,-0.01718,0.21866
617,631808,30.48583,237.0,1.0,0.93,1.569114,0.067742,10.286713,0.001331,974,-0.01,0.00415,-0.00074,0.00755,0.00136,0.15526
618,632832,41.37375,249.33333,1.0,0.93,1.694935,-0.029322,11.435196,0.001279,930,-0.01,0.00633,-0.0005,0.00825,-0.02231,0.1325
619,633856,37.22791,240.0,1.0,0.95,1.648376,-0.012549,15.603919,0.003395,1113,-0.01,0.00359,-0.00323,0.00754,-0.02031,0.2128
620,634880,26.38253,377.66667,1.0,0.95,1.708252,0.0002,5.788044,0.000695,1092,-0.01,0.00486,-0.00232,0.00876,-0.00061,0.12598
621,635904,24.72567,272.5,1.0,0.95,1.636334,0.134727,28.896092,0.001267,1101,-0.01,0.00436,-0.00044,0.00759,-0.05748,0.06416
622,636928,26.71531,351.0,0.83333,0.94,1.748321,-0.001432,7.251346,0.000446,987,-0.01,0.00548,0.00251,0.00935,0.00106,0.22412
623,637952,nan,nan,0.0,0.94,1.707126,-9.7e-05,3.727497,0.000372,933,-0.01,0.00366,-0.00051,0.00829,0.0008,0.0
624,638976,39.85869,298.71429,1.0,0.94,1.714447,0.082407,14.228374,0.000624,1075,-0.01,0.0039,0.00066,0.00828,-0.0012,0.33918
625,640000,12.15429,291.0,1.0,0.94,1.691469,-0.000642,4.882945,0.000414,908,-0.01,0.00601,-0.00107,0.00891,-0.01795,0.01397
626,641024,25.58309,246.57143,1.0,0.94,1.675135,-0.000827,21.87993,0.000338,1058,-0.01,0.00439,-3e-05,0.00809,-0.07019,0.28421
627,642048,27.69017,269.5,1.0,0.94,1.720958,-0.025801,4.323817,0.000402,881,-0.01,0.00552,-0.00041,0.00825,0.00209,0.07734
628,643072,41.47982,245.2,1.0,0.94,1.676591,-0.000609,11.329062,0.000562,966,-0.01,0.00441,0.0021,0.00823,-0.00323,0.23689
629,644096,24.92549,256.5,1.0,0.94,1.67964,-0.001309,4.783058,0.000795,1091,-0.01,0.00526,-0.00043,0.00805,-0.00737,0.06659
630,645120,23.47365,303.0,1.0,0.94,1.687006,-0.044653,8.804109,0.001165,1159,-0.01,0.00496,0.00015,0.00696,-0.01241,0.13921
631,646144,23.05333,293.0,0.75,0.93,1.685494,-0.000799,5.426322,0.000586,947,-0.01,0.00562,-0.00033,0.00785,0.00021,0.11181
632,647168,40.92117,258.75,1.0,0.94,1.643272,-0.063591,16.909146,0.000837,919,-0.01,0.00549,0.00026,0.00857,0.00301,0.17338
633,648192,40.90497,249.0,1.0,0.96,1.681707,-0.000502,6.671187,0.00034,911,-0.01,0.00541,0.00092,0.00764,-0.00108,0.16801
634,649216,39.24068,249.5,1.0,0.98,1.671169,-0.011613,6.187157,0.000596,992,-0.01,0.00413,0.00063,0.00809,0.00088,0.26641
635,650240,40.33993,249.33333,1.0,0.98,1.665645,-0.000766,5.56103,0.000886,900,-0.01,0.00626,-0.00055,0.00824,0.00083,0.12397
636,651264,33.71916,219.4,1.0,0.98,1.615509,-0.000415,10.025758,0.000513,953,-0.01,0.00594,0.00063,0.00782,-0.01347,0.19834
637,652288,45.82177,200.8,1.0,0.98,1.608084,-0.000211,7.475296,0.000214,907,-0.01,0.00507,0.00162,0.00769,0.00256,0.23526
638,653312,36.92959,225.66667,1.0,0.98,1.638428,-0.000252,10.942375,0.000117,972,-0.01,0.00455,0.00092,0.00862,-0.00079,0.1269
639,654336,42.48173,215.0,1.0,0.98,1.604876,-0.075218,13.247416,0.000421,1147,-0.01,0.00395,0.00201,0.00849,-0.0018,0.16376
640,655360,38.57597,202.66667,1.0,0.98,1.622648,-0.001125,12.449747,0.001053,1216,-0.01,0.00454,0.00108,0.00852,-0.01375,0.16155
641,656384,18.67934,369.2,0.6,0.96,1.580511,-0.001002,11.388752,0.000972,1162,-0.01,0.0037,-0.00045,0.00715,-0.02021,0.1582
642,657408,31.21398,309.25,0.75,0.95,1.607044,-0.001526,3.8896,0.00331,935,-0.01,0.00481,-0.00037,0.00838,-0.00065,0.14196
643,658432,29.92622,251.5,1.0,0.95,1.518292,-0.100196,10.583495,0.001028,1064,-0.01,0.00427,0.00106,0.00794,-0.00213,0.14813
644,659456,35.87001,315.0,1.0,0.95,1.559143,-0.086598,3.525016,0.000794,949,-0.01,0.00502,-0.00134,0.00831,0.00053,0.11723
645,660480,49.62287,283.0,1.0,0.95,1.524219,-0.000639,6.288041,0.001262,996,-0.01,0.00298,1e-05,0.00914,0.00061,0.05214
646,661504,38.90648,286.33333,1.0,0.95,1.53151,0.0005,8.217136,0.001656,1027,-0.01,0.00547,-0.00363,0.00901,-0.02839,0.13926
647,662528,10.34322,394.75,0.75,0.94,1.57744,-0.040037,4.066174,0.001168,973,-0.01,0.00489,-0.00132,0.00832,0.00046,0.07535
648,663552,43.38569,284.0,1.0,0.95,1.591923,-0.00038,9.657701,0.000341,961,-0.01,0.00384,-0.00029,0.00872,-0.02434,0.13673
649,664576,42.32003,414.0,1.0,0.95,1.592785,0.000104,8.183202,0.00042,1069,-0.01,0.00392,0.00134,0.00871,-0.00404,0.15047
650,665600,15.3049,321.66667,1.0,0.95,1.618239,-0.000326,6.785245,0.000323,1107,-0.01,0.00428,0.00041,0.0093,-0.01896,0.09154
651,666624,30.12721,345.33333,1.0,0.95,1.625597,-0.00083,5.965122,0.000667,1101,-0.01,0.00389,0.00165,0.00958,-0.00205,0.10983
652,667648,25.92069,340.33333,1.0,0.95,1.660036,-0.000776,5.406669,0.001431,1027,-0.01,0.00399,-0.002,0.00949,0.00139,0.10666
653,668672,37.51692,358.5,1.0,0.95,1.682262,-0.020016,7.131462,0.001209,985,-0.01,0.00361,-0.00111,0.00913,-0.02477,0.0844
654,669696,nan,nan,0.0,0.95,1.689078,0.000155,3.513644,0.000598,1147,-0.01,0.00202,0.00168,0.01015,-0.00119,0.0
655,670720,0.40299,600.0,0.0,0.94,1.712121,0.000517,2.225237,0.001511,1207,-0.01,0.00253,0.00187,0.01049,0.0007,0.0
656,671744,-3.20797,600.0,0.0,0.9,1.721582,-0.000482,1.831866,0.000291,1148,-0.01,0.00386,0.00169,0.00949,0.00156,0.0
657,672768,15.83002,561.66667,0.33333,0.88,1.694675,-0.000904,4.298685,0.000861,976,-0.01,0.00491,0.00056,0.01018,-0.00076,0.04742
658,673792,nan,nan,0.0,0.88,1.684191,-0.000489,1.140954,0.00066,968,-0.01,0.00325,-0.00023,0.00911,0.00158,0.0
659,674816,25.49032,488.0,0.5,0.87,1.712654,-0.000549,6.710203,0.000846,1173,-0.01,0.00382,-0.0004,0.0088,-0.00247,0.05867
660,675840,36.71828,475.0,1.0,0.87,1.768465,-0.000794,5.617489,0.001129,1204,-0.01,0.00296,-0.00212,0.00912,0.00075,0.04916
661,676864,0.27494,600.0,0.0,0.85,1.751874,-0.00124,3.220237,0.001069,1104,-0.01,0.00412,-0.00227,0.00865,-0.02324,0.0
662,677888,-0.02754,600.0,0.0,0.82,1.76131,-0.042825,0.362066,0.004969,949,-0.01,0.00476,-0.00152,0.00964,8e-05,0.0
663,678912,nan,nan,0.0,0.82,1.759703,0.00031,0.39925,0.001103,1010,-0.01,0.00323,-0.00044,0.00949,-0.0008,0.0
664,679936,-6.96241,600.0,0.0,0.8,1.755734,-0.003195,0.250156,0.005103,1099,-0.01,0.00347,6e-05,0.0087,-0.00013,0.0
665,680960,-0.05545,600.0,0.0,0.78,1.75847,-0.001648,0.165639,0.002981,1069,-0.01,0.00258,0.00048,0.00974,0.00013,0.0
666,681984,1.35465,600.0,0.0,0.77,1.755764,-0.013546,0.157866,0.003817,958,-0.01,0.00334,0.00041,0.00978,-0.00023,0.0
667,683008,1.66134,600.0,0.0,0.75,1.753626,-0.001964,0.10943,0.003288,949,-0.01,0.00333,7e-05,0.00981,-0.00056,0.0
668,684032,1.27304,600.0,0.0,0.74,1.687884,-0.003237,0.114695,0.006935,1098,-0.01,0.00234,0.00094,0.01006,-0.00122,0.0
669,685056,1.60618,600.0,0.0,0.73,1.692341,-0.002138,0.057248,0.003477,963,-0.01,0.00202,-0.00019,0.01038,-0.00068,0.0
670,686080,1.28952,600.0,0.0,0.71,1.696772,-0.003354,0.036698,0.0043,958,-0.01,0.00272,-0.00043,0.01025,0.00012,0.0
671,687104,0.90369,600.0,0.0,0.67,1.58255,-0.036927,0.0286,0.005252,901,-0.01,0.00137,-9e-05,0.01056,0.00046,0.0
672,688128,nan,nan,0.0,0.67,1.631613,-0.002695,0.023128,0.004568,815,-0.01,0.0021,-0.00072,0.0102,-0.00029,0.0
673,689152,1.45783,600.0,0.0,0.65,1.606251,-0.002693,0.01883,0.003442,841,-0.01,0.00132,-0.00022,0.01063,-3e-05,0.0
674,690176,1.37454,600.0,0.0,0.64,1.619374,0.028191,0.013773,0.006402,828,-0.01,0.00207,-1e-05,0.01133,-3e-05,0.0
675,691200,1.09617,600.0,0.0,0.62,1.599414,-0.033628,0.01291,0.004291,810,-0.01,0.00228,-4e-05,0.01041,6e-05,0.0
676,692224,1.70164,600.0,0.0,0.59,1.581029,-0.002648,0.017016,0.004158,792,-0.01,0.00264,0.00024,0.01103,-5e-05,0.0
677,693248,nan,nan,0.0,0.59,1.656344,0.084121,0.025293,0.004187,847,-0.01,0.00335,0.00031,0.01059,0.00086,0.0
678,694272,1.0933,600.0,0.0,0.57,1.54319,-0.005046,0.023848,0.002156,854,-0.01,0.00306,0.00053,0.01129,-0.00045,0.0
679,695296,1.68763,600.0,0.0,0.55,1.629859,-0.002338,0.053543,0.003414,869,-0.01,0.00296,0.00031,0.00911,-0.0015,0.0
680,696320,1.55347,600.0,0.0,0.54,1.611433,-0.001166,0.058626,0.001253,968,-0.01,0.00275,0.00053,0.01033,-0.0016,0.0
681,697344,1.59393,600.0,0.0,0.51,1.640731,-0.015747,0.029588,0.005946,891,-0.01,0.00289,0.00041,0.01037,0.00018,0.0
682,698368,0.32049,600.0,0.0,0.5,1.719769,0.015529,2.125282,0.001579,955,-0.01,0.00239,0.00023,0.00951,-0.02269,0.0
683,699392,2.59383,600.0,0.0,0.49,1.677402,-0.001491,0.048234,0.001691,945,-0.01,0.00212,0.0004,0.01066,-0.00183,0.0
684,700416,-7.99442,600.0,0.0,0.47,1.652314,-0.001652,0.039187,0.001546,949,-0.01,0.00242,0.00037,0.01015,-0.00092,0.0
685,701440,1.12691,600.0,0.0,0.44,1.719045,-0.001498,0.047841,0.002776,1001,-0.01,0.00313,0.0007,0.00953,0.00058,0.0
686,702464,1.81213,600.0,0.0,0.43,1.768196,0.064589,0.038377,0.00413,1016,-0.01,0.00298,0.00063,0.00993,-0.00102,0.0
687,703488,1.10971,600.0,0.0,0.41,1.788421,-0.001916,0.037965,0.004109,1104,-0.01,0.00289,0.0007,0.00888,0.00012,0.0
688,704512,23.85791,443.66667,0.66667,0.41,1.796579,-0.159734,45.514796,0.002736,1066,-0.01,0.00337,0.00062,0.00988,-0.01462,0.09971
689,705536,32.56616,511.0,1.0,0.41,1.831086,-6.8e-05,8.776265,0.000241,984,-0.01,0.00441,0.0004,0.00986,0.00024,0.07227
690,706560,29.4309,403.33333,1.0,0.42,1.820743,-0.000178,20.9635,0.000215,1101,-0.01,0.00354,0.00079,0.00956,-0.00174,0.10971
691,707584,37.55326,381.75,1.0,0.43,1.812272,0.000114,22.744421,0.000178,982,-0.01,0.0044,0.00051,0.01004,4e-05,0.1685
692,708608,42.72818,270.25,1.0,0.43,1.747694,0.069456,26.749541,0.000366,1010,-0.01,0.00359,0.00076,0.0098,0.00189,0.19297
693,709632,26.76506,411.0,0.5,0.42,1.761751,0.033629,7.589676,0.000358,938,-0.01,0.00534,0.00066,0.00988,0.00096,0.05618
694,710656,31.19684,331.0,1.0,0.42,1.81992,-0.000566,20.18713,0.000322,980,-0.01,0.00485,0.00079,0.01021,-0.02425,0.16093
695,711680,36.50427,270.0,1.0,0.43,1.781954,-0.00018,16.818654,0.000269,892,-0.01,0.00602,0.0003,0.01007,0.00154,0.14693
696,712704,45.2502,251.4,1.0,0.43,1.774783,-0.008939,27.564536,0.000865,923,-0.01,0.00526,0.00062,0.00927,0.00057,0.23491
697,713728,37.44227,259.0,1.0,0.43,1.733424,2.6e-05,11.951865,0.000161,924,-0.01,0.00584,0.0007,0.01051,0.00138,0.1164
698,714752,40.92137,234.6,1.0,0.43,1.722144,-0.000309,23.356579,0.000297,944,-0.01,0.00538,0.00066,0.01011,0.00221,0.22126
699,715776,44.00397,215.66667,1.0,0.43,1.795799,0.023586,10.092249,0.000179,900,-0.01,0.00597,0.00038,0.00896,-0.00087,0.13567
