iteration,env_steps,ep_return,ep_length,success_rate,success_rate_rolling,entropy,policy_loss,value_loss,approx_kl,sps,tx_per_agent_step,human_death_rate,false_complete_rate,comp_time,comp_compliance,comp_report,comp_command,comp_combat,comp_terminal
1,1024,nan,nan,0.0,0.0,2.014465,-0.003077,0.41,0.004463,464,0.06204,0.0,0.0,-0.01,0.00776,0.0002,-0.01612,0.00087,0.0
2,2048,nan,nan,0.0,0.0,2.078945,0.031809,5.666349,0.00112,491,0.06402,0.0,0.0,-0.01,0.00846,0.00026,-0.00792,-0.00082,0.0
3,3072,46.96408,367.14286,1.0,1.0,1.891326,-0.047167,24.426583,0.002074,542,0.07006,0.0,0.0,-0.01,0.00383,0.00046,-0.00477,0.00145,0.40266
4,4096,50.11614,470.0,1.0,1.0,1.973334,-0.0011,5.297802,0.000986,497,0.0637,0.0,0.0,-0.01,0.0091,0.00042,-0.01687,0.00127,0.0517
5,5120,62.2215,294.0,1.0,1.0,1.873016,0.000246,14.135095,0.001308,507,0.06524,0.0,0.0,-0.01,0.00519,0.00084,-0.00685,0.00443,0.0657
6,6144,51.02607,306.5,1.0,1.0,1.966608,0.029598,7.616803,0.00058,512,0.06685,0.0,0.0,-0.01,0.00661,0.00031,-0.0146,0.00165,0.3477
7,7168,51.30387,302.0,1.0,1.0,1.975624,-9.7e-05,3.725011,0.000893,478,0.06404,0.0,0.0,-0.01,0.00753,0.00014,-0.01345,-0.00124,0.05518
8,8192,48.08729,329.0,1.0,1.0,1.928135,0.001612,16.23673,0.000799,527,0.07002,0.0,0.0,-0.01,0.00813,0.00064,-0.00717,-0.01723,0.23143
9,9216,46.40154,361.0,1.0,1.0,1.967865,0.076265,9.957721,0.001462,545,0.07079,0.0,0.0,-0.01,0.00923,0.00018,-0.01215,-0.02526,0.11385
10,10240,-23.78153,600.0,0.0,0.91667,1.984181,0.000251,3.777079,0.001381,518,0.06907,1.0,0.0,-0.01,0.00802,0.00033,-0.00862,0.00041,0.0
11,11264,48.30155,365.5,1.0,0.92857,2.025812,0.302576,18.006442,0.000732,488,0.06484,0.0,0.0,-0.01,0.00648,0.00037,-0.01272,0.0011,0.21567
12,12288,nan,nan,0.0,0.92857,2.012303,0.003286,3.198242,0.001395,478,0.0645,0.0,0.0,-0.01,0.00811,0.00041,-0.00879,-0.00042,0.0
13,13312,48.85958,443.0,1.0,0.93103,1.923027,0.011476,8.003811,0.001338,539,0.07064,0.0,0.0,-0.01,0.00825,0.0004,-0.00508,-0.00266,0.05994
14,14336,33.29725,490.25,1.0,0.93939,1.999923,6e-06,3.986719,0.001204,520,0.06704,0.0,0.0,-0.01,0.00905,0.00026,-0.00988,0.00137,0.16547
15,15360,49.67934,436.0,1.0,0.94118,2.029368,-0.000375,4.55283,0.001328,483,0.06424,0.0,0.0,-0.01,0.0091,0.00034,-0.00903,0.00069,0.05299
16,16384,16.81663,586.0,0.5,0.91667,2.009894,-0.000416,4.541843,0.000678,492,0.06631,0.0,0.0,-0.01,0.00803,0.00031,-0.00998,-0.00038,0.0481
17,17408,38.9101,471.5,1.0,0.92105,2.04718,0.013747,3.702595,0.001633,480,0.06496,0.0,0.0,-0.01,0.00755,0.00038,-0.00645,-0.00073,0.08948
18,18432,34.73673,566.0,1.0,0.92308,2.043657,-0.000917,3.630009,0.000553,516,0.06815,0.0,0.0,-0.01,0.00828,0.0003,-0.00601,0.00026,0.04571
19,19456,24.92424,556.0,0.66667,0.90476,2.039295,-0.000504,2.617037,0.000764,479,0.06456,0.0,0.0,-0.01,0.00788,0.00025,-0.01173,0.00019,0.09059
20,20480,44.70139,575.0,1.0,0.90909,1.985555,0.010079,9.579746,0.001852,485,0.06554,0.0,0.0,-0.01,0.00872,0.0003,-0.00595,0.00082,0.10303
21,21504,42.35358,533.0,1.0,0.91111,1.985459,-0.006239,4.000107,0.00165,468,0.0641,0.0,0.0,-0.01,0.00899,0.00044,-0.00758,0.0003,0.04697
22,22528,34.19009,493.0,0.75,0.89796,1.959541,-0.000329,6.014701,0.001572,477,0.06544,0.0,0.0,-0.01,0.00762,0.00031,-0.00818,-3e-05,0.1569
23,23552,25.4035,519.0,1.0,0.9,1.938385,0.018117,3.150812,0.001173,514,0.06642,0.0,0.0,-0.01,0.00868,0.00039,-0.00804,-0.00013,0.03288
24,24576,49.86327,447.33333,1.0,0.90566,1.962795,-0.000367,6.669236,0.000419,530,0.06778,0.0,0.0,-0.01,0.00666,0.00023,-0.00891,0.00029,0.17186
25,25600,41.98857,393.5,1.0,0.91228,1.946706,3.7e-05,7.090963,0.000445,531,0.06738,0.0,0.0,-0.01,0.00767,0.0006,-0.00822,0.00199,0.19797
26,26624,46.5993,350.33333,1.0,0.91667,1.977194,0.040282,12.206771,0.000337,515,0.0663,0.0,0.0,-0.01,0.0086,0.00047,-0.01228,-0.00035,0.15664
27,27648,51.09499,331.33333,1.0,0.92063,1.935081,0.010667,5.419916,0.001004,521,0.06619,0.0,0.0,-0.01,0.00793,0.00051,-0.00954,0.00063,0.17057
28,28672,43.86029,370.5,1.0,0.92308,1.952768,-0.000424,6.651461,0.000889,511,0.06656,0.0,0.0,-0.01,0.00797,0.00048,-0.00958,0.00044,0.1037
29,29696,40.52583,338.25,1.0,0.92754,1.918894,-0.000475,5.416147,0.00036,533,0.06816,0.25,0.0,-0.01,0.00699,0.00036,-0.00979,-0.01866,0.20597
30,30720,30.11134,330.33333,1.0,0.93056,1.867294,-0.00091,12.575467,0.000465,549,0.06918,0.33333,0.0,-0.01,0.00643,0.00027,-0.01398,-0.02248,0.13294
31,31744,33.45212,323.5,1.0,0.93243,1.883815,-0.000313,11.500627,0.000591,553,0.07091,0.0,0.0,-0.01,0.00838,0.0004,-0.01391,-0.01773,0.08576
32,32768,43.41575,301.33333,1.0,0.93506,1.862539,-0.000569,9.35949,0.000279,632,0.07234,0.0,0.0,-0.01,0.00689,0.00042,-0.01236,0.00132,0.17998
33,33792,34.91126,419.0,1.0,0.93671,1.907976,-7.1e-05,5.708241,0.001116,577,0.06727,0.0,0.0,-0.01,0.00723,0.00043,-0.01544,0.00059,0.0943
34,34816,36.72298,384.0,1.0,0.93976,1.891746,0.012361,8.616029,0.002051,542,0.06667,0.25,0.0,-0.01,0.00791,0.00044,-0.0111,-0.00053,0.19625
35,35840,46.43551,295.5,1.0,0.94253,1.875273,-0.01141,6.576085,0.005212,524,0.06629,0.0,0.0,-0.01,0.00649,0.00031,-0.01231,0.00302,0.20814
36,36864,53.28061,296.5,1.0,0.94505,1.893001,-0.000663,7.292145,0.000771,520,0.06544,0.0,0.0,-0.01,0.00472,0.00046,-0.0087,0.00147,0.23593
37,37888,51.41579,298.5,1.0,0.94624,1.877773,0.078253,17.737547,0.000876,537,0.06803,0.0,0.0,-0.01,0.00554,0.00051,-0.01009,-0.00151,0.11965
38,38912,2.4946,359.0,1.0,0.94681,1.88589,-0.056997,11.161791,0.001147,622,0.07336,0.0,0.0,-0.01,0.00639,0.00035,-0.01164,-0.00961,0.01035
39,39936,29.79003,375.4,1.0,0.94949,1.904431,-0.000514,9.950993,0.000418,563,0.06827,0.2,1.0,-0.01,0.00672,0.00052,-0.01268,0.00177,0.19906
40,40960,50.02394,333.33333,1.0,0.95,1.917269,-0.000104,4.158161,0.001137,497,0.06381,0.0,0.0,-0.01,0.00757,0.00025,-0.01066,0.002,0.16371
41,41984,45.10693,325.0,1.0,0.95,1.905168,8.8e-05,9.813281,0.000534,515,0.06528,0.0,0.0,-0.01,0.00669,0.00059,-0.00924,0.00095,0.05184
42,43008,50.54338,361.2,1.0,0.95,1.924702,-0.001497,8.07991,0.001462,509,0.06577,0.0,0.0,-0.01,0.00611,0.00037,-0.01254,0.00099,0.28396
43,44032,50.58122,349.0,1.0,0.95,1.927538,-0.001285,4.137954,0.001207,502,0.06493,0.0,0.0,-0.01,0.00721,0.00046,-0.01076,0.00082,0.11057
44,45056,46.29347,324.0,1.0,0.95,1.900141,0.101943,14.836664,0.001658,553,0.07058,0.0,0.0,-0.01,0.00503,0.00055,-0.008,0.00026,0.22955
45,46080,29.22222,338.75,0.75,0.94,1.95447,-0.071162,13.625328,0.001922,534,0.06694,0.25,0.0,-0.01,0.0067,0.00039,-0.01141,-0.02225,0.16044
46,47104,30.32966,298.0,1.0,0.94,1.978527,-0.001187,8.842397,0.002227,532,0.06708,0.5,0.0,-0.01,0.00472,0.00045,-0.00928,-0.02432,0.09529
47,48128,44.40069,360.5,1.0,0.94,1.985607,0.078063,5.178356,0.000804,530,0.06851,0.0,0.0,-0.01,0.00578,0.00012,-0.01145,-0.00054,0.10727
48,49152,40.19926,426.0,1.0,0.96,2.0495,0.079142,4.911277,0.001196,519,0.06791,0.0,0.0,-0.01,0.00783,0.00013,-0.00823,0.00133,0.09461
49,50176,42.71678,499.0,1.0,0.96,2.043493,-0.002659,1.764781,0.004124,502,0.06441,0.0,0.0,-0.01,0.00613,0.00027,-0.00883,0.00155,0.09977
50,51200,nan,nan,0.0,0.96,2.032616,-0.01097,2.684511,0.002083,500,0.0646,0.0,0.0,-0.01,0.00683,0.00042,-0.00633,4e-05,0.0
51,52224,40.15279,550.66667,1.0,0.96,1.97435,-0.000147,9.658786,0.000574,525,0.06682,0.0,0.0,-0.01,0.00643,0.00062,-0.00449,0.00132,0.14303
52,53248,46.74798,472.0,1.0,0.96,2.025256,-0.121278,16.897489,0.001145,519,0.06572,0.0,0.0,-0.01,0.00556,0.00044,-0.01134,0.0011,0.21592
53,54272,44.89962,446.0,1.0,0.96,2.008155,-0.005653,5.831006,0.000745,493,0.06384,0.0,0.0,-0.01,0.0071,0.00035,-0.01044,-0.02206,0.04847
54,55296,39.87846,415.0,1.0,0.97,1.957419,0.01811,8.389927,0.001236,533,0.06767,0.33333,0.0,-0.01,0.00662,0.00065,-0.00962,0.00065,0.17269
55,56320,36.07479,399.66667,1.0,0.97,1.942747,-0.000276,9.980542,0.0009,486,0.06718,0.33333,0.0,-0.01,0.00645,0.00047,-0.01313,-0.02196,0.1542
56,57344,35.05396,460.0,1.0,0.98,1.972278,-0.001012,6.508033,0.000947,519,0.06905,0.0,0.0,-0.01,0.00639,0.00062,-0.01079,-0.00015,0.08776
57,58368,43.73356,362.0,1.0,0.98,1.875602,-0.027377,16.943332,0.000729,554,0.07211,0.0,0.0,-0.01,0.00714,0.0005,-0.01244,-0.00159,0.17236
58,59392,23.8073,392.0,1.0,0.99,1.96195,-0.019422,8.407858,0.002736,544,0.06817,0.33333,0.0,-0.01,0.00654,0.00044,-0.01094,-0.03359,0.10866
59,60416,33.29865,404.0,1.0,0.99,1.847111,-0.075073,7.627769,0.001536,576,0.07264,0.5,0.0,-0.01,0.00593,0.00051,-0.00898,-0.00122,0.11005
60,61440,11.09863,386.5,0.5,0.98,1.901983,-0.000158,12.05679,0.00082,634,0.07713,0.5,0.0,-0.01,0.00736,0.00042,-0.00803,-0.03746,0.05762
61,62464,19.27817,469.0,0.66667,0.97,1.965287,-0.000656,4.694337,0.000321,610,0.07124,0.33333,0.0,-0.01,0.00616,0.00044,-0.01218,0.00137,0.10366
62,63488,25.95163,490.0,1.0,0.97,1.960246,-0.000914,7.79427,0.001566,595,0.06865,0.0,0.0,-0.01,0.00761,0.00038,-0.01163,-0.00124,0.03466
63,64512,45.17939,447.5,1.0,0.97,1.919908,0.103658,15.351851,0.000535,611,0.06913,0.0,0.0,-0.01,0.0076,0.00042,-0.0071,-0.0252,0.11452
64,65536,29.17146,377.66667,1.0,0.97,1.882866,-0.038258,8.869547,0.002104,666,0.07245,0.33333,0.0,-0.01,0.00652,0.00062,-0.00927,-0.03572,0.13523
65,66560,11.86703,513.33333,0.66667,0.96,1.892691,0.031168,5.49858,0.002501,610,0.07003,0.66667,0.0,-0.01,0.0065,0.00017,-0.00887,0.00155,0.1017
66,67584,36.09046,402.0,1.0,0.96,1.959664,0.010089,5.28257,0.002135,579,0.06528,0.0,0.0,-0.01,0.00561,0.00036,-0.00981,0.00103,0.08528
67,68608,37.33286,452.5,1.0,0.96,1.897495,-0.000231,12.887638,0.000707,596,0.06849,0.0,0.0,-0.01,0.00428,0.00051,-0.00819,-0.02465,0.09248
68,69632,51.75523,412.0,1.0,0.96,1.928727,0.000249,11.706658,0.000518,681,0.07262,0.0,0.0,-0.01,0.00469,0.00034,-0.00791,-0.05751,0.07045
69,70656,-4.07796,539.25,0.5,0.94,1.914398,-0.000656,6.646874,0.000781,632,0.07183,0.5,0.0,-0.01,0.00664,0.00036,-0.011,9e-05,0.05925
70,71680,31.19527,394.0,1.0,0.94,1.897398,0.009805,5.370647,0.000905,605,0.06847,0.5,0.0,-0.01,0.00634,0.00056,-0.01083,0.00131,0.10748
71,72704,-0.37474,491.5,0.5,0.93,1.842639,-0.000427,11.168836,0.002484,615,0.0695,0.5,0.0,-0.01,0.00517,0.00058,-0.01213,-0.02226,0.03246
72,73728,42.93795,379.66667,1.0,0.93,1.935246,-0.000673,8.794763,0.000968,593,0.06556,0.0,0.0,-0.01,0.00526,0.0005,-0.01286,-0.00063,0.15513
73,74752,41.17572,350.66667,1.0,0.93,1.921124,-0.000182,9.840018,0.000842,588,0.0664,0.0,0.0,-0.01,0.00552,0.00051,-0.01057,-0.02298,0.15131
74,75776,48.26281,368.5,1.0,0.93,1.926759,0.038689,10.22246,0.00082,611,0.06832,0.0,0.0,-0.01,0.00492,0.00065,-0.01078,0.00047,0.11446
75,76800,38.52363,369.0,1.0,0.93,1.902583,-0.047971,14.043722,0.001343,664,0.07191,0.0,0.0,-0.01,0.00343,0.00038,-0.00958,-0.02419,0.10346
76,77824,27.23516,391.8,1.0,0.93,1.868223,-0.071056,9.641057,0.001232,531,0.06471,0.6,0.0,-0.01,0.00543,0.00054,-0.0139,-0.02167,0.23823
77,78848,58.83999,364.0,1.0,0.93,1.955881,0.011977,3.950308,0.004388,531,0.06685,0.0,0.0,-0.01,0.00449,0.00048,-0.00897,-0.02882,0.06534
78,79872,7.69011,339.5,0.5,0.92,1.848231,0.000658,14.649909,0.001705,658,0.07707,0.5,0.0,-0.01,0.00466,0.00063,-0.00627,-0.02859,0.06877
79,80896,38.27131,419.0,1.0,0.92,1.876498,0.001043,12.915842,0.002299,630,0.07492,0.33333,0.0,-0.01,0.00671,0.00032,-0.01109,-0.02681,0.1838
80,81920,-7.50678,600.0,0.0,0.9,1.880642,-0.042077,4.013011,0.001301,585,0.07366,0.0,0.0,-0.01,0.00554,0.00055,-0.01215,-0.02399,0.0
81,82944,23.50875,376.75,0.75,0.89,1.761067,-0.000272,10.962127,0.001366,619,0.07302,0.5,0.0,-0.01,0.00345,0.00041,-0.01079,0.00015,0.18328
82,83968,37.86689,344.33333,1.0,0.89,1.81675,-0.077048,10.610077,0.001162,548,0.06862,0.0,0.0,-0.01,0.00541,0.00037,-0.01639,-0.04406,0.1452
83,84992,29.7431,308.66667,1.0,0.89,1.809815,-0.000957,7.22458,0.000714,507,0.06522,0.66667,0.0,-0.01,0.00386,0.00039,-0.01696,0.00059,0.15248
84,86016,38.52347,370.0,1.0,0.89,1.826285,-0.000391,11.522747,0.000507,570,0.07207,0.0,0.0,-0.01,0.00264,0.00043,-0.01348,0.00063,0.05316
85,87040,39.4194,370.33333,1.0,0.89,1.873773,-0.000626,11.963583,0.003015,586,0.07077,0.0,0.0,-0.01,0.00523,0.00044,-0.01489,0.00075,0.16042
86,88064,38.14578,430.75,1.0,0.9,1.853818,0.01647,10.27697,0.000266,529,0.06543,0.0,0.0,-0.01,0.00331,0.00051,-0.01523,-0.02614,0.19634
87,89088,26.96922,308.5,1.0,0.9,1.86635,-0.054571,6.449876,0.001319,579,0.07125,0.5,0.0,-0.01,0.0047,0.00056,-0.01067,-9e-05,0.10397
88,90112,36.30013,328.5,1.0,0.9,1.86989,-9.6e-05,18.633445,0.000963,601,0.07505,0.25,0.0,-0.01,0.00379,0.00061,-0.01544,-0.01534,0.21691
89,91136,38.34348,321.5,1.0,0.9,1.858408,0.023247,6.463584,0.001306,550,0.0686,0.0,0.0,-0.01,0.00531,0.00064,-0.01348,-0.01631,0.09917
90,92160,1.78642,512.5,0.5,0.89,1.851056,5.8e-05,7.061644,0.003274,548,0.07016,0.5,0.0,-0.01,0.00505,0.00061,-0.00952,0.00022,0.04096
91,93184,44.331,337.2,1.0,0.89,1.847351,-2e-05,19.589378,0.000517,555,0.06498,0.0,0.0,-0.01,0.0062,0.00034,-0.01343,-0.01722,0.27418
92,94208,19.85065,353.5,1.0,0.89,1.86885,0.028727,2.434342,0.00134,526,0.06377,0.5,0.0,-0.01,0.00653,0.00048,-0.013,0.00243,0.07214
93,95232,47.81612,322.8,1.0,0.89,1.84971,0.03471,9.460736,0.002157,542,0.06782,0.0,0.0,-0.01,0.00361,0.00064,-0.01098,0.0016,0.29237
94,96256,37.89354,346.5,1.0,0.89,1.848286,-0.001074,8.409904,0.001881,523,0.06536,0.5,0.0,-0.01,0.00407,0.00062,-0.01477,-0.04553,0.11404
95,97280,43.49261,285.33333,1.0,0.89,1.781237,-0.000862,10.246059,0.00077,559,0.06983,0.33333,0.0,-0.01,0.00663,0.00056,-0.01258,-0.02111,0.18576
96,98304,23.94238,252.33333,1.0,0.89,1.809371,-0.00102,9.154119,0.000644,537,0.06716,0.66667,0.0,-0.01,0.00746,0.0005,-0.01359,-0.02331,0.14242
97,99328,30.17399,231.33333,0.66667,0.88,1.787206,0.017701,25.378399,0.006317,593,0.07158,0.33333,0.0,-0.01,0.00479,0.00042,-0.00971,-0.02846,0.14494
98,100352,-11.25368,600.0,0.0,0.88,1.858316,-0.000871,6.94304,0.001533,584,0.07209,0.0,0.0,-0.01,0.00449,0.00037,-0.01647,0.00076,0.0
99,101376,30.58014,457.4,0.8,0.88,1.818949,-0.001033,12.767868,0.00101,567,0.06905,0.0,1.0,-0.01,0.00468,0.00054,-0.01414,0.0012,0.2142
100,102400,44.20012,331.66667,1.0,0.88,1.703667,0.023008,11.144993,0.001361,553,0.06598,0.0,0.0,-0.01,0.0042,0.00045,-0.01385,0.0005,0.15912
101,103424,45.0427,272.75,1.0,0.89,1.786436,0.029459,10.370956,0.001011,556,0.06692,0.0,0.0,-0.01,0.00405,0.00062,-0.01418,0.00051,0.2196
102,104448,45.69987,281.0,1.0,0.89,1.808337,-0.000347,7.542118,0.000322,586,0.06915,0.0,0.0,-0.01,0.0059,0.00046,-0.01218,-0.00066,0.12231
103,105472,36.97392,327.0,1.0,0.89,1.844804,-0.099622,13.82772,0.001267,570,0.06746,0.0,0.0,-0.01,0.0059,0.00054,-0.01013,0.001,0.19393
104,106496,45.99958,291.0,1.0,0.91,1.86315,-0.000311,10.222081,0.000436,556,0.06997,0.0,0.0,-0.01,0.00604,0.00053,-0.00904,-0.02597,0.16906
105,107520,34.42259,280.0,1.0,0.92,1.852737,0.022038,7.371269,0.002099,559,0.07201,0.33333,0.0,-0.01,0.00575,0.0005,-0.00998,0.00025,0.15277
106,108544,20.05479,451.5,0.5,0.91,1.816255,-0.001211,8.013607,0.001479,556,0.07004,0.0,0.0,-0.01,0.00304,0.00059,-0.00822,-0.02175,0.05698
107,109568,33.63109,345.0,1.0,0.91,1.787701,0.076941,20.855656,0.000873,572,0.07123,0.5,0.0,-0.01,0.00509,0.00043,-0.01008,-0.06092,0.11146
108,110592,22.22593,402.25,1.0,0.91,1.714345,-0.044103,16.988948,0.001071,615,0.07551,0.5,0.0,-0.01,0.00525,0.00059,-0.01203,-0.02771,0.20153
109,111616,40.17682,323.33333,1.0,0.91,1.813595,-0.000595,7.862948,0.000535,571,0.06846,0.0,0.0,-0.01,0.0056,0.00057,-0.01228,0.0027,0.1551
110,112640,48.08046,312.5,1.0,0.91,1.811681,-0.064038,15.408256,0.000786,582,0.06914,0.0,0.0,-0.01,0.00635,0.00057,-0.00607,0.00119,0.12723
111,113664,29.95231,392.75,0.75,0.9,1.849034,-0.177365,16.985814,0.001545,555,0.06703,0.25,0.0,-0.01,0.00558,0.0004,-0.01268,0.00224,0.1762
112,114688,39.18861,315.0,1.0,0.91,1.858324,0.022039,4.530601,0.001024,515,0.06468,0.0,0.0,-0.01,0.00571,0.00066,-0.01234,0.00166,0.08769
113,115712,43.86493,317.0,1.0,0.93,1.801367,0.053266,19.439356,0.001135,548,0.06916,0.16667,0.0,-0.01,0.00385,0.00061,-0.00946,-0.05079,0.34996
114,116736,36.39623,327.5,1.0,0.94,1.870222,0.120935,11.792573,0.001387,520,0.06833,0.5,1.0,-0.01,0.00512,0.00031,-0.0122,-0.02168,0.11325
115,117760,37.52413,280.2,1.0,0.94,1.82662,0.072737,14.843033,0.000629,550,0.06963,0.2,0.0,-0.01,0.00387,0.00062,-0.01146,0.00011,0.25688
116,118784,48.31426,302.33333,1.0,0.94,1.816591,3e-06,5.15984,0.000375,510,0.06556,0.0,0.0,-0.01,0.00367,0.00049,-0.01146,0.00353,0.16832
117,119808,57.78146,257.0,1.0,0.94,1.804363,0.025376,13.786167,0.000434,503,0.06689,0.0,0.0,-0.01,0.00423,0.0004,-0.01339,-0.04509,0.06502
118,120832,30.92314,316.0,1.0,0.94,1.811645,0.021353,13.894879,0.000642,514,0.06996,0.6,0.0,-0.01,0.00398,0.00068,-0.01332,-0.02039,0.26796
119,121856,48.95209,294.0,1.0,0.94,1.902461,0.020954,2.667924,0.003129,511,0.06569,0.0,0.0,-0.01,0.00421,0.00044,-0.01364,-0.00026,0.16817
120,122880,43.7042,305.66667,1.0,0.94,1.807884,0.102269,21.088243,0.002482,553,0.0724,0.0,0.0,-0.01,0.00318,0.00038,-0.00776,-0.0465,0.16444
121,123904,34.92887,330.6,1.0,0.95,1.834972,-5.1e-05,13.743611,0.00041,540,0.06784,0.4,0.0,-0.01,0.00534,0.00045,-0.01291,0.00161,0.25918
122,124928,61.84847,279.0,1.0,0.95,1.899292,-0.000308,10.852184,0.000519,516,0.0665,0.0,0.0,-0.01,0.00357,0.00051,-0.00808,-0.04221,0.06735
123,125952,27.45019,324.0,1.0,0.95,1.900479,-0.028823,10.969248,0.000653,543,0.06913,0.66667,0.0,-0.01,0.004,0.00072,-0.00964,-0.02654,0.15319
124,126976,45.61624,335.25,1.0,0.95,1.91363,-0.068207,7.924168,0.001048,512,0.06629,0.25,0.0,-0.01,0.0054,0.00041,-0.01399,0.00124,0.23247
125,128000,29.74966,318.66667,1.0,0.95,1.8314,-0.013335,9.11945,0.001441,522,0.06816,0.33333,0.0,-0.01,0.00715,0.00053,-0.00822,-0.04646,0.13628
126,129024,42.43293,327.33333,1.0,0.95,1.857642,-0.0007,7.848852,0.000452,511,0.06775,0.33333,0.0,-0.01,0.00922,0.00043,-0.00895,-0.00012,0.17079
127,130048,42.5102,350.0,1.0,0.95,1.872132,0.020996,2.538535,0.000436,494,0.06564,0.0,0.0,-0.01,0.00854,0.0004,-0.01279,0.00254,0.04739
128,131072,32.49428,419.0,1.0,0.95,1.858881,0.000303,13.211007,0.000617,556,0.07367,0.5,0.0,-0.01,0.00608,0.00046,-0.00717,-0.02991,0.11425
129,132096,24.59413,428.8,0.8,0.95,1.820583,-0.000427,7.421461,0.000237,544,0.06846,0.0,0.0,-0.01,0.00468,0.00033,-0.0135,-0.02624,0.15868
130,133120,43.66023,476.0,1.0,0.95,1.906109,-0.029545,6.691765,0.000875,519,0.06714,0.0,0.0,-0.01,0.00275,0.00036,-0.01035,-0.02433,0.05458
131,134144,44.13301,319.5,1.0,0.97,1.827502,-0.025935,11.045448,0.001848,604,0.07057,0.25,0.0,-0.01,0.00282,0.00062,-0.00906,-0.00046,0.26938
132,135168,18.02459,364.33333,1.0,0.97,1.864634,0.021957,7.486815,0.000849,517,0.06518,0.33333,0.0,-0.01,0.00472,0.00053,-0.01399,-0.02055,0.10191
133,136192,26.88373,290.0,1.0,0.97,1.785579,-0.011787,13.864134,0.000508,553,0.0694,0.66667,0.0,-0.01,0.00271,0.00051,-0.0057,-0.05159,0.15731
134,137216,34.14221,341.0,1.0,0.97,1.84117,-0.00057,14.999488,0.000292,559,0.07069,0.4,0.0,-0.01,0.0066,0.00034,-0.014,-0.0191,0.26036
135,138240,nan,nan,0.0,0.97,1.86622,-0.014185,7.406453,0.003024,535,0.06853,0.0,0.0,-0.01,0.00477,0.00047,-0.01133,-0.038,0.0
136,139264,35.77016,307.25,1.0,0.97,1.809149,-0.000446,19.959552,0.000387,640,0.0785,0.25,0.0,-0.01,0.00358,0.00054,-0.00622,-0.02367,0.23001
137,140288,11.88835,424.33333,0.66667,0.96,1.865071,0.071764,6.199523,0.001694,556,0.07062,0.66667,0.0,-0.01,0.00456,0.00038,-0.01144,0.0021,0.09883
138,141312,-5.15935,600.0,0.0,0.95,1.847828,-0.000214,5.629882,0.001063,519,0.06668,0.0,0.0,-0.01,0.00174,0.00052,-0.0068,0.00216,0.0
139,142336,42.72319,326.0,1.0,0.96,1.826618,0.052853,16.054703,0.00045,559,0.06924,0.16667,0.0,-0.01,0.00428,0.00041,-0.01177,-0.04653,0.34986
140,143360,30.81123,302.5,1.0,0.96,1.931602,-0.08519,3.526804,0.000803,509,0.06549,0.5,0.0,-0.01,0.00334,0.00064,-0.01403,0.00337,0.08904
141,144384,42.45307,285.75,1.0,0.96,1.829735,-0.029784,13.576334,0.002421,559,0.06995,0.0,0.0,-0.01,0.00156,0.00053,-0.0094,-0.02849,0.21262
142,145408,42.15633,303.33333,1.0,0.96,1.821105,-0.000747,5.233835,0.000241,510,0.06289,0.33333,0.0,-0.01,0.00203,0.00061,-0.01382,-0.01657,0.17098
143,146432,18.12844,401.0,1.0,0.97,1.782651,0.089602,14.250131,0.000735,577,0.07188,1.0,0.0,-0.01,0.00252,0.00072,-0.00848,-0.0012,0.04696
144,147456,37.32494,289.4,1.0,0.97,1.860113,-0.036646,14.60713,0.000827,568,0.06848,0.2,0.0,-0.01,0.00456,0.00042,-0.01329,-0.01452,0.2603
145,148480,32.38744,447.5,1.0,0.97,1.804559,0.029533,15.538011,0.000508,553,0.06695,0.0,0.0,-0.01,0.00397,0.00063,-0.00837,-0.02914,0.08547
146,149504,41.59019,287.8,1.0,0.97,1.79673,-0.000264,8.824876,0.000481,567,0.06851,0.0,0.0,-0.01,0.00354,0.00055,-0.0116,0.00237,0.26045
147,150528,19.04795,336.0,1.0,0.97,1.844175,-0.000293,15.535142,0.000509,523,0.06635,1.0,0.0,-0.01,0.00186,0.00047,-0.01149,-0.04535,0.09341
148,151552,32.6945,319.25,1.0,0.97,1.797483,-0.006671,15.723678,0.000827,576,0.07097,0.25,0.0,-0.01,0.00238,0.00064,-0.01213,-0.04822,0.20532
149,152576,35.94254,296.25,1.0,0.97,1.847369,-0.000918,8.005719,0.000411,510,0.06363,0.5,0.0,-0.01,0.00413,0.00058,-0.01663,-0.02095,0.21068
150,153600,49.1779,306.0,1.0,0.97,1.826003,-0.000609,16.45387,0.00067,559,0.07017,0.0,0.0,-0.01,0.00259,0.00065,-0.00825,-0.04852,0.06265
151,154624,13.31138,352.33333,1.0,0.97,1.849081,-7e-05,16.926039,0.000758,644,0.07264,0.66667,0.0,-0.01,0.00317,0.00021,-0.01109,-0.00307,0.13405
152,155648,25.03971,427.25,0.75,0.96,1.875926,-0.001509,5.666499,0.001873,535,0.06567,0.25,0.0,-0.01,0.00329,0.00057,-0.01394,0.00239,0.16805
153,156672,49.98393,333.5,1.0,0.96,1.837215,0.001708,4.117994,0.001674,503,0.06535,0.0,0.0,-0.01,0.00183,0.00053,-0.00949,0.00099,0.11598
154,157696,46.83221,323.0,1.0,0.96,1.756363,-0.142745,12.528849,0.000928,541,0.06924,0.0,0.0,-0.01,0.00254,0.0008,-0.01307,-0.02252,0.23958
155,158720,29.57293,312.0,1.0,0.96,1.83696,-0.01845,8.211019,0.000754,518,0.06699,0.33333,0.0,-0.01,0.00517,0.00058,-0.01355,-0.05009,0.13207
156,159744,28.19921,284.0,1.0,0.96,1.81592,-0.122597,15.220198,0.002225,613,0.07529,0.0,0.0,-0.01,0.0039,0.00068,-0.00952,-0.05131,0.04252
157,160768,35.16932,296.75,1.0,0.96,1.844547,-0.006525,11.837084,0.005548,577,0.07028,0.5,0.0,-0.01,0.00488,0.00049,-0.01524,0.00216,0.23615
158,161792,7.55559,486.0,0.66667,0.95,1.812969,0.007495,3.689869,0.001489,523,0.06514,0.66667,0.0,-0.01,0.00429,0.00078,-0.00968,0.00119,0.08999
159,162816,52.92506,255.28571,1.0,0.95,1.870984,-0.001496,18.970569,0.001611,508,0.0645,0.0,0.0,-0.01,0.00361,0.00079,-0.0129,0.00394,0.40788
160,163840,55.87472,266.0,1.0,0.95,1.87563,-0.00278,3.84928,0.000486,467,0.06438,0.0,0.0,-0.01,0.00154,0.00064,-0.00942,0.00171,0.06151
161,164864,39.44661,309.0,1.0,0.96,1.814156,0.000187,10.228913,0.001181,532,0.06809,0.25,0.0,-0.01,0.00091,0.00057,-0.00919,-0.0256,0.21798
162,165888,46.86107,332.5,1.0,0.96,1.812415,-0.04143,8.649858,0.001339,553,0.0704,0.0,0.0,-0.01,0.0026,0.00044,-0.01106,-0.00082,0.11861
163,166912,36.4007,302.5,1.0,0.96,1.816355,-0.000899,11.164305,0.001917,565,0.07228,0.0,0.0,-0.01,0.00259,0.00061,-0.01319,0.00242,0.19429
164,167936,43.91195,408.0,1.0,0.96,1.837788,-0.000723,6.080998,0.000946,519,0.06713,0.0,0.0,-0.01,0.00428,0.00063,-0.01483,0.00031,0.16217
165,168960,48.07479,254.0,1.0,0.96,1.80507,-7.8e-05,12.213001,0.000727,530,0.06898,0.0,0.0,-0.01,0.00291,0.00071,-0.00997,0.00187,0.16936
166,169984,49.04707,255.5,1.0,0.96,1.830675,0.034662,15.480926,0.002277,530,0.06724,0.0,0.0,-0.01,0.00511,0.00046,-0.01061,-0.02036,0.22691
167,171008,2.89548,447.0,0.5,0.95,1.781511,-0.000511,12.327627,0.000708,548,0.06781,0.5,0.0,-0.01,0.00295,0.00072,-0.00972,-0.02622,0.0421
168,172032,38.82504,301.0,1.0,0.95,1.812752,-0.010322,15.778912,0.000876,576,0.07017,0.4,0.0,-0.01,0.00329,0.00045,-0.01138,-0.02351,0.30395
169,173056,22.87443,323.0,1.0,0.96,1.820584,0.063953,9.175269,0.000688,579,0.07124,1.0,0.0,-0.01,0.00436,0.0004,-0.01053,-0.048,0.05605
170,174080,10.42344,383.0,0.75,0.96,1.798712,-0.000248,15.01295,0.000357,514,0.06824,0.5,0.0,-0.01,0.00302,0.00065,-0.01091,-0.02799,0.11628
171,175104,37.63328,338.33333,1.0,0.96,1.789252,-0.044496,14.0988,0.000603,511,0.06966,0.33333,0.0,-0.01,0.00459,0.00065,-0.01258,-0.06297,0.16547
172,176128,-2.85397,309.0,1.0,0.96,1.830582,-0.000671,10.525157,0.000807,558,0.07094,1.0,0.0,-0.01,0.00427,0.00054,-0.0121,-0.04631,0.0505
173,177152,16.68806,340.25,0.75,0.95,1.855458,-0.000762,17.917496,0.000503,590,0.07159,0.5,0.0,-0.01,0.00306,0.00066,-0.00996,-0.01067,0.16198
174,178176,19.62469,378.33333,1.0,0.95,1.867043,-0.001652,4.035104,0.000825,589,0.06956,0.33333,0.0,-0.01,0.00444,0.00042,-0.01121,-0.00041,0.09892
175,179200,37.54462,350.0,1.0,0.95,1.86175,-0.000232,9.616168,0.000706,552,0.0701,0.0,0.0,-0.01,0.0038,0.00044,-0.00776,-0.02687,0.0938
176,180224,31.0012,409.0,1.0,0.95,1.919995,0.129629,14.836152,0.001603,524,0.06875,0.5,0.0,-0.01,0.00449,0.0006,-0.00928,-0.08055,0.10686
177,181248,21.65155,429.5,1.0,0.95,1.927363,-0.000809,6.71787,0.00159,509,0.06907,0.5,0.0,-0.01,0.0032,0.00021,-0.00979,0.00039,0.08399
178,182272,12.54143,476.0,1.0,0.95,1.907121,-0.000706,8.871704,0.000466,497,0.06869,1.0,0.0,-0.01,0.00381,0.00058,-0.00883,-0.05359,0.0944
179,183296,35.95346,461.33333,1.0,0.95,1.897464,0.044165,5.330445,0.001137,510,0.06927,0.33333,1.0,-0.01,0.00376,0.00035,-0.01121,0.00027,0.16275
180,184320,34.58559,452.0,1.0,0.95,1.904523,-0.000431,6.895273,0.000395,490,0.06636,0.0,0.0,-0.01,0.00511,0.00062,-0.0124,-0.02394,0.08829
181,185344,31.18917,458.5,1.0,0.95,1.889978,-0.012777,3.869593,0.001489,505,0.06808,0.5,0.0,-0.01,0.00384,0.0005,-0.01303,-8e-05,0.10728
182,186368,45.45549,456.0,1.0,0.95,1.813435,-0.048912,8.373727,0.001004,526,0.07001,0.0,0.0,-0.01,0.00269,0.00041,-0.013,-0.02859,0.06201
183,187392,11.85381,464.33333,0.66667,0.94,1.862635,2e-05,10.437526,0.000992,549,0.07101,0.33333,0.0,-0.01,0.00328,0.00045,-0.01242,-0.02693,0.10199
184,188416,5.67776,500.5,0.5,0.92,1.945318,0.060036,10.936756,0.002451,494,0.06637,0.5,0.0,-0.01,0.00384,0.00033,-0.0123,-0.02701,0.10356
185,189440,18.05334,360.0,1.0,0.92,1.878686,-0.013746,8.822333,0.001,522,0.06975,1.0,0.0,-0.01,0.00198,0.00055,-0.00942,-0.0533,0.05527
186,190464,18.92348,385.0,1.0,0.92,1.857775,-3.7e-05,6.526008,0.000403,554,0.07086,0.66667,0.0,-0.01,0.00278,0.00045,-0.00903,9e-05,0.13833
187,191488,34.9008,387.66667,1.0,0.93,1.885683,0.069622,6.755462,0.000636,566,0.07446,0.0,0.0,-0.01,0.00407,0.00036,-0.01088,-0.00166,0.14598
188,192512,21.90578,395.0,1.0,0.93,1.821425,6.2e-05,10.765893,0.000436,554,0.07097,0.33333,0.0,-0.01,0.003,0.00055,-0.01022,-0.04537,0.11596
189,193536,25.49024,372.0,1.0,0.93,1.803737,0.000227,3.784366,0.001314,557,0.07057,1.0,0.0,-0.01,0.00392,0.00033,-0.01044,-0.00249,0.06067
190,194560,35.32235,451.0,1.0,0.93,1.858677,0.030341,11.999476,0.001891,644,0.07939,0.0,0.0,-0.01,0.00471,0.00055,-0.01053,-0.01222,0.16598
191,195584,17.80424,429.0,0.66667,0.92,1.822054,-0.00105,5.41289,0.000477,628,0.07549,0.33333,0.0,-0.01,0.00702,0.00032,-0.01214,-0.02301,0.11374
192,196608,6.50181,479.5,0.5,0.91,1.875136,-0.00052,7.40043,0.000718,591,0.06927,0.5,0.0,-0.01,0.0055,0.00027,-0.00903,-0.03024,0.04057
193,197632,27.02785,392.0,1.0,0.91,1.872794,0.018596,13.977263,0.001058,600,0.06888,0.33333,0.0,-0.01,0.00126,0.0008,-0.00893,-0.05757,0.14216
194,198656,6.5829,407.33333,1.0,0.92,1.783994,-0.053383,6.429865,0.001715,559,0.06521,1.0,0.0,-0.01,0.0036,0.00038,-0.01094,-0.02259,0.12
195,199680,55.75568,369.0,1.0,0.92,1.884288,-0.000218,6.057342,0.001089,520,0.06614,0.0,0.0,-0.01,0.00237,0.00048,-0.01118,0.00131,0.06529
196,200704,39.69135,349.5,1.0,0.92,1.851593,0.020641,8.204513,0.001085,556,0.06853,0.0,0.0,-0.01,0.00377,0.00039,-0.00909,-0.00078,0.20673
197,201728,42.23619,301.5,1.0,0.92,1.961454,0.051971,5.61658,0.00118,516,0.06554,0.0,0.0,-0.01,0.00402,0.00054,-0.01063,0.00165,0.19688
198,202752,48.69826,283.0,1.0,0.92,1.948376,0.04268,9.165749,0.002269,523,0.0665,0.0,0.0,-0.01,0.00195,0.00072,-0.01,0.00158,0.22319
199,203776,41.4356,318.5,1.0,0.92,1.903328,0.085921,12.420568,0.000992,539,0.06808,0.0,0.0,-0.01,0.00243,0.00047,-0.00927,-0.02522,0.1026
200,204800,33.15983,333.33333,1.0,0.92,1.760015,-0.043978,7.489318,0.000767,522,0.06679,0.33333,0.0,-0.01,0.00249,0.0005,-0.00656,-0.00088,0.14792
201,205824,41.39919,358.33333,1.0,0.92,1.877714,-0.000262,8.554474,0.000695,536,0.06877,0.0,0.0,-0.01,0.00274,0.00049,-0.00782,0.00028,0.15099
202,206848,39.46918,318.6,1.0,0.92,1.856726,0.035846,11.965843,0.00221,528,0.06683,0.2,1.0,-0.01,0.00327,0.00051,-0.00784,-0.01927,0.25809
203,207872,45.51133,329.0,1.0,0.92,1.842454,-0.000508,5.034156,0.000286,522,0.06779,0.0,0.0,-0.01,0.0027,0.00048,-0.00845,0.00032,0.05429
204,208896,46.14962,299.5,1.0,0.93,1.845897,0.060854,10.898876,0.003143,506,0.0675,0.0,0.0,-0.01,0.00355,0.00049,-0.01083,0.00111,0.21596
205,209920,46.76276,303.0,1.0,0.93,1.834691,-0.044842,10.031465,0.001014,507,0.06708,0.0,0.0,-0.01,0.00256,0.00069,-0.01082,-0.04472,0.16274
206,210944,39.8209,298.66667,1.0,0.94,1.879091,-0.023967,10.764329,0.000731,537,0.07269,0.33333,0.0,-0.01,0.00505,0.00038,-0.01146,-0.02116,0.17607
207,211968,0.91534,413.66667,0.66667,0.93,1.861907,-0.012626,6.606654,0.000758,519,0.07071,1.0,0.0,-0.01,0.00471,0.00037,-0.00985,-0.03863,0.08973
208,212992,33.81821,325.25,1.0,0.93,1.822021,0.008481,10.459526,0.001508,521,0.06845,0.5,0.0,-0.01,0.00331,0.00053,-0.00519,-0.01993,0.20761
209,214016,52.15282,249.66667,1.0,0.93,1.753061,-0.045243,8.778708,0.002798,525,0.06672,0.0,0.0,-0.01,0.00409,0.0005,-0.01085,0.00274,0.17455
210,215040,45.02365,272.14286,1.0,0.94,1.777226,0.000375,14.83442,0.000882,547,0.06813,0.0,0.0,-0.01,0.00258,0.00065,-0.01139,-0.00062,0.37981
211,216064,59.15096,220.5,1.0,0.94,1.76423,-0.001096,6.27958,0.001125,515,0.06375,0.0,0.0,-0.01,0.00453,0.0007,-0.01144,0.00078,0.12572
212,217088,48.63654,235.8,1.0,0.94,1.725025,-0.0004,17.282409,0.000429,564,0.06803,0.0,0.0,-0.01,0.00354,0.0008,-0.00898,-0.04436,0.29747
213,218112,33.26729,293.0,1.0,0.94,1.736907,0.000498,10.478854,0.000672,565,0.06936,0.5,0.0,-0.01,0.00518,0.00069,-0.01225,0.00265,0.10309
214,219136,33.84508,234.6,1.0,0.94,1.752499,-0.000544,14.834042,0.000383,547,0.06755,0.4,0.0,-0.01,0.00561,0.00072,-0.01213,-0.05224,0.26062
215,220160,25.59848,347.0,0.66667,0.94,1.77494,-0.000542,15.892355,0.003235,554,0.06988,0.33333,0.0,-0.01,0.00495,0.00061,-0.01064,-0.0794,0.12394
216,221184,24.07769,239.8,1.0,0.96,1.811053,-0.033507,7.977549,0.001085,536,0.06645,0.8,0.0,-0.01,0.00468,0.00061,-0.00976,0.00142,0.23143
217,222208,28.57015,269.0,1.0,0.96,1.762696,0.000424,25.432928,0.000605,551,0.07037,0.5,0.0,-0.01,0.00153,0.00053,-0.00577,-0.06073,0.09508
218,223232,30.93233,265.8,1.0,0.96,1.670994,-0.001111,5.698975,0.000854,561,0.06482,0.4,0.0,-0.01,0.00431,0.0004,-0.01259,0.00352,0.23378
219,224256,59.9698,211.5,1.0,0.96,1.643789,-0.021866,9.573029,0.001149,556,0.06617,0.0,0.0,-0.01,0.00205,0.00022,-0.01148,7e-05,0.1451
220,225280,20.09863,322.0,0.5,0.93,1.701344,-0.000441,14.856857,0.000648,536,0.06199,0.33333,0.0,-0.01,0.00356,0.0007,-0.01511,-0.01945,0.18095
221,226304,52.1546,229.33333,1.0,0.95,1.629856,0.026501,14.534737,0.000137,534,0.06501,0.0,0.0,-0.01,0.00225,0.00072,-0.01117,-0.02147,0.17888
222,227328,47.32316,251.0,1.0,0.95,1.736679,-0.000958,12.181016,0.00082,518,0.06251,0.2,0.0,-0.01,0.00354,0.00062,-0.01368,-0.02354,0.29836
223,228352,25.60119,269.25,1.0,0.95,1.753914,0.032198,19.871396,0.002039,585,0.06834,0.5,0.0,-0.01,0.00154,0.00077,-0.00956,-0.07955,0.17967
224,229376,27.62961,264.5,1.0,0.95,1.787859,-0.07944,9.275388,0.001044,532,0.0632,0.75,0.0,-0.01,0.00453,0.00055,-0.01444,0.00257,0.19636
225,230400,53.84263,272.0,1.0,0.95,1.720531,-6.4e-05,12.339621,0.001272,532,0.06677,0.0,0.0,-0.01,0.00263,0.00055,-0.00882,-0.01832,0.12539
226,231424,38.91965,298.0,1.0,0.95,1.793924,0.013595,8.985519,0.000618,519,0.06434,0.4,0.0,-0.01,0.00495,0.0005,-0.01083,-0.01977,0.2692
227,232448,53.1011,285.0,1.0,0.95,1.773151,-0.000768,10.093035,0.001105,534,0.06673,0.0,0.0,-0.01,0.00198,0.00041,-0.01252,-0.01445,0.06122
228,233472,36.66705,355.8,1.0,0.95,1.695019,-0.052929,15.876363,0.001031,572,0.06607,0.2,0.0,-0.01,0.00376,0.00044,-0.00956,-0.04566,0.26283
229,234496,19.35873,301.5,1.0,0.95,1.68763,-0.024209,4.847372,0.002065,531,0.06553,1.0,0.0,-0.01,0.00374,0.00057,-0.01391,-0.02653,0.09549
230,235520,38.44223,283.0,1.0,0.95,1.750125,-0.049806,8.378849,0.000801,566,0.069,0.25,0.0,-0.01,0.00285,0.00067,-0.01022,0.00298,0.22125
231,236544,42.77423,305.5,1.0,0.95,1.823874,-0.000386,10.74068,0.000195,525,0.06613,0.0,0.0,-0.01,0.00394,0.00042,-0.01306,-0.00051,0.20524
232,237568,39.19891,276.0,1.0,0.95,1.766598,-8e-05,18.792935,0.000247,569,0.06855,0.5,0.0,-0.01,0.00287,0.00093,-0.00571,-0.07216,0.12662
233,238592,33.7962,287.16667,1.0,0.95,1.79336,0.039046,9.079416,0.000308,514,0.06561,0.33333,0.0,-0.01,0.0058,0.00056,-0.01142,0.00146,0.28484
234,239616,37.45706,244.5,1.0,0.96,1.683207,0.075083,25.807415,0.000475,566,0.0672,0.25,0.0,-0.01,0.00209,0.00076,-0.00682,-0.04437,0.20739
235,240640,38.80545,228.75,1.0,0.96,1.780865,-0.023321,9.478519,0.001655,521,0.06461,0.25,0.0,-0.01,0.00611,0.00067,-0.01305,-0.01812,0.19829
236,241664,44.5127,221.2,1.0,0.96,1.746399,-0.049265,13.120796,0.001727,534,0.06491,0.2,0.0,-0.01,0.00322,0.00053,-0.01038,0.00413,0.27221
237,242688,57.65912,240.33333,1.0,0.96,1.700791,-0.000243,14.132416,0.001168,537,0.06564,0.0,0.0,-0.01,0.00148,0.00084,-0.0103,0.00021,0.1988
238,243712,39.69892,212.0,1.0,0.96,1.692564,-0.000713,11.412629,0.000527,544,0.06345,0.25,0.0,-0.01,0.00327,0.00068,-0.00955,-0.03963,0.42127
239,244736,55.77986,193.25,1.0,0.96,1.643814,-0.000315,12.706405,0.000317,511,0.06229,0.0,0.0,-0.01,0.00158,0.00076,-0.01203,-0.01647,0.24158
240,245760,32.43229,244.0,1.0,0.96,1.631505,1e-05,21.510489,0.000399,567,0.06861,0.5,0.0,-0.01,0.00034,0.00072,-0.01142,-0.02029,0.20857
241,246784,40.31593,204.4,1.0,0.97,1.685303,0.029938,6.208018,0.000779,554,0.06461,0.0,0.0,-0.01,0.00172,0.00075,-0.01326,0.0016,0.24595
242,247808,48.99006,193.16667,1.0,0.97,1.696785,-0.000793,12.190296,0.000687,532,0.06418,0.16667,0.0,-0.01,0.0021,0.00085,-0.01204,-0.01861,0.35677
243,248832,nan,nan,0.0,0.97,1.589078,-0.001153,19.520391,0.000814,595,0.07441,0.0,0.0,-0.01,0.00415,0.00066,-0.00788,-0.02208,0.0
244,249856,43.61642,233.6,1.0,0.97,1.724736,-0.000131,11.420873,0.000446,609,0.07322,0.0,0.0,-0.01,0.00673,0.00041,-0.0143,-0.02435,0.29798
245,250880,nan,nan,0.0,0.97,1.649138,-0.000228,12.670924,0.000405,628,0.07702,0.0,0.0,-0.01,0.00201,0.00055,-0.00972,-0.03146,0.0
246,251904,22.93353,370.5,0.66667,0.98,1.787901,-0.005163,2.88936,0.000622,594,0.06885,0.33333,0.0,-0.01,0.00495,0.00032,-0.01232,0.00244,0.24695
247,252928,-25.63826,600.0,0.0,0.97,1.733353,0.039901,12.694773,0.00115,552,0.06929,1.0,0.0,-0.01,0.00364,0.00064,-0.01336,-0.04933,0.0
248,253952,15.81011,340.6,0.8,0.96,1.672694,-0.012209,12.924108,0.000472,579,0.06947,0.6,0.0,-0.01,0.00434,0.00047,-0.01308,-0.01054,0.18867
249,254976,42.39225,378.33333,1.0,0.96,1.796163,0.023152,13.67781,0.000702,536,0.06604,0.0,0.0,-0.01,0.00232,0.00051,-0.01377,0.00122,0.15661
250,256000,48.66753,256.0,1.0,0.96,1.795975,-4e-06,6.089736,0.000654,526,0.06819,0.0,1.0,-0.01,0.00168,0.00041,-0.01099,0.00029,0.23307
251,257024,36.48036,294.25,1.0,0.96,1.742145,0.004515,12.424366,0.001301,526,0.0686,0.25,0.0,-0.01,0.00135,0.00033,-0.01291,-0.02192,0.20815
252,258048,46.34604,276.33333,1.0,0.96,1.804386,0.064603,8.549785,0.000375,527,0.06781,0.0,1.0,-0.01,0.0014,0.0005,-0.00905,0.00106,0.16963
253,259072,40.13196,295.0,1.0,0.96,1.800484,-0.054432,4.647351,0.000931,549,0.07019,0.0,0.0,-0.01,0.00278,0.00036,-0.00912,0.00034,0.10175
254,260096,35.31147,299.0,1.0,0.96,1.702429,0.037631,12.124416,0.00168,538,0.06921,0.25,0.0,-0.01,0.00394,0.00021,-0.01034,-0.02166,0.19923
255,261120,46.17072,328.75,1.0,0.96,1.770971,-0.038801,8.992081,0.000593,533,0.06636,0.0,0.0,-0.01,0.00307,0.0004,-0.01006,-0.02578,0.22237
256,262144,34.6945,290.66667,1.0,0.96,1.65547,-0.000639,6.098521,0.000376,523,0.06735,0.33333,0.0,-0.01,0.00313,0.00019,-0.00971,0.0001,0.15292
257,263168,43.25391,270.5,1.0,0.96,1.681998,0.020595,11.998696,0.001103,528,0.06729,0.0,0.0,-0.01,0.00131,0.00041,-0.00629,0.003,0.10343
258,264192,45.37959,320.2,1.0,0.96,1.838607,0.009278,7.729995,0.000708,518,0.06622,0.0,1.0,-0.01,0.00497,0.00061,-0.01189,0.00011,0.26386
259,265216,30.64896,287.66667,1.0,0.96,1.763198,-2.3e-05,10.38799,0.000584,559,0.06626,0.33333,0.0,-0.01,0.00139,0.00062,-0.00814,-0.0103,0.13235
260,266240,46.78329,280.0,1.0,0.96,1.768308,-0.125727,14.042005,0.000572,519,0.06828,0.0,0.0,-0.01,0.00422,0.00035,-0.01034,-0.00163,0.22083
261,267264,41.93274,291.33333,1.0,0.96,1.811352,-0.000213,5.569301,0.000305,514,0.0658,0.0,0.0,-0.01,0.00418,0.0004,-0.0109,0.00183,0.14966
262,268288,32.59439,305.66667,1.0,0.96,1.776885,-0.096847,10.278758,0.000501,560,0.07205,0.0,0.0,-0.01,0.0041,0.00058,-0.00844,-0.0028,0.12871
263,269312,31.36431,305.33333,1.0,0.96,1.761691,-0.000415,4.46985,0.000351,593,0.06996,0.0,0.0,-0.01,0.00471,0.00031,-0.00805,-0.00072,0.13009
264,270336,41.46233,347.4,1.0,0.96,1.786163,-0.119691,25.811182,0.001227,543,0.06772,0.2,0.0,-0.01,0.0026,0.00055,-0.0105,-0.01945,0.2712
265,271360,48.91823,253.0,1.0,0.96,1.819814,-0.000133,4.354605,0.000578,514,0.06473,0.0,0.0,-0.01,0.00231,0.00051,-0.01094,0.00151,0.16642
266,272384,45.3247,271.75,1.0,0.96,1.803677,-0.001134,13.744118,0.000513,524,0.06574,0.25,0.0,-0.01,0.00324,0.00065,-0.00923,-0.01934,0.22973
267,273408,39.6294,295.75,1.0,0.96,1.80751,-0.00099,9.632737,0.000574,526,0.06578,0.25,0.0,-0.01,0.00313,0.00038,-0.00796,-0.01575,0.20719
268,274432,31.16466,278.25,1.0,0.96,1.788472,-0.000194,18.000002,0.000692,530,0.0656,0.5,0.0,-0.01,0.00269,0.00062,-0.00949,-0.06337,0.19497
269,275456,40.35785,279.33333,1.0,0.96,1.817497,0.018401,5.01231,0.000925,521,0.06542,0.33333,0.0,-0.01,0.00314,0.00058,-0.00912,0.00131,0.16451
270,276480,46.31228,238.83333,1.0,0.96,1.824213,-0.018798,10.91424,0.001853,529,0.06641,0.0,0.0,-0.01,0.00264,0.00057,-0.01193,0.00038,0.32613
271,277504,48.33097,201.0,1.0,0.96,1.771126,-0.004366,14.51399,0.000987,512,0.06385,0.0,0.0,-0.01,0.00339,0.00094,-0.01062,0.00119,0.1614
272,278528,46.75743,234.5,1.0,0.96,1.772164,-0.000349,10.105691,0.000237,541,0.06672,0.0,0.0,-0.01,0.00426,0.00057,-0.01249,0.00311,0.22124
273,279552,49.09112,271.25,1.0,0.97,1.78322,0.007468,6.27959,0.000917,511,0.06409,0.0,0.0,-0.01,0.00261,0.00065,-0.01082,0.00208,0.21971
274,280576,34.03122,251.5,1.0,0.98,1.787558,0.086102,25.457121,0.001376,569,0.06928,0.25,0.0,-0.01,0.00444,0.00057,-0.01232,-0.03688,0.19795
275,281600,39.45886,231.75,1.0,0.99,1.796415,-0.000319,11.502691,0.00023,525,0.06845,0.25,0.0,-0.01,0.00484,0.00052,-0.00819,-0.02606,0.20508
276,282624,27.1467,254.5,1.0,1.0,1.771955,-0.000163,15.404431,0.000303,586,0.07305,0.5,0.0,-0.01,0.0047,0.00056,-0.01184,-0.04496,0.19223
277,283648,40.62655,252.66667,1.0,1.0,1.807464,-0.00017,5.754068,0.000165,537,0.06932,0.33333,0.0,-0.01,0.00488,0.00055,-0.01137,0.00043,0.17302
278,284672,26.21415,340.5,0.75,0.99,1.785027,-3.8e-05,14.442562,0.000338,538,0.06786,0.25,0.0,-0.01,0.00499,0.00057,-0.00863,-0.03867,0.15789
279,285696,55.20539,246.0,1.0,0.99,1.797129,0.057378,8.168382,0.000377,544,0.06879,0.0,0.0,-0.01,0.00497,0.00054,-0.01145,0.00255,0.19435
280,286720,45.12898,264.0,1.0,0.99,1.73467,-0.000193,14.821344,0.000151,575,0.07283,0.0,0.0,-0.01,0.00366,0.00033,-0.00768,0.00036,0.17346
281,287744,20.90835,343.75,0.75,0.98,1.748941,-0.000507,14.254001,0.000298,560,0.07008,0.5,0.0,-0.01,0.00319,0.00053,-0.01326,-0.03623,0.15861
282,288768,50.62392,244.66667,1.0,0.98,1.827426,-0.000636,10.613693,0.000945,568,0.07114,0.0,0.0,-0.01,0.00341,0.00054,-0.01448,-0.00873,0.19279
283,289792,29.28816,324.8,1.0,0.98,1.774996,0.022781,10.250603,0.000536,549,0.06815,0.4,0.0,-0.01,0.00338,0.00055,-0.01047,0.00111,0.21351
284,290816,43.46805,267.33333,1.0,0.98,1.818992,-0.000501,6.789025,0.000763,525,0.06743,0.0,0.0,-0.01,0.00386,0.00057,-0.0087,0.00201,0.15449
285,291840,49.24644,281.66667,1.0,0.98,1.884662,0.116825,12.285977,0.001697,562,0.07269,0.0,0.0,-0.01,0.00438,0.00042,-0.00786,-0.02069,0.18737
286,292864,24.53809,317.5,1.0,0.98,1.818395,0.000123,20.970619,0.000287,679,0.07642,0.0,0.0,-0.01,0.00457,0.00064,-0.00917,-0.03889,0.08408
287,293888,8.80115,396.5,0.75,0.97,1.82717,-0.048014,7.421863,0.0014,572,0.06915,0.75,0.0,-0.01,0.00457,0.00026,-0.01068,0.00059,0.10927
288,294912,41.70865,337.33333,1.0,0.97,1.847491,-0.000557,4.370787,0.000332,507,0.06452,0.0,0.0,-0.01,0.00324,0.0005,-0.01158,0.00226,0.1435
289,295936,45.43206,329.5,1.0,0.97,1.792677,-0.000475,12.159789,0.000699,532,0.06813,0.0,0.0,-0.01,0.00273,0.00058,-0.00924,0.00073,0.10937
290,296960,41.21226,323.25,1.0,0.97,1.874574,-0.000366,6.239052,0.000619,514,0.06655,0.0,0.0,-0.01,0.0037,0.00051,-0.00845,-0.00105,0.19696
291,297984,44.79914,306.0,1.0,0.97,1.858666,-0.000993,6.729924,0.000766,543,0.06937,0.0,0.0,-0.01,0.00264,0.0006,-0.00809,-0.00115,0.10907
292,299008,35.36136,307.2,1.0,0.97,1.854243,-0.060828,7.730673,0.001146,534,0.07004,0.0,0.0,-0.01,0.00346,0.00041,-0.01161,0.00076,0.21912
293,300032,40.02149,325.0,1.0,0.97,1.89514,-7.1e-05,7.726334,0.000452,512,0.06593,0.0,0.0,-0.01,0.00383,0.00037,-0.01302,0.00218,0.14216
294,301056,40.78919,314.0,1.0,0.97,1.836616,-0.000454,12.296938,0.000218,537,0.06984,0.0,0.0,-0.01,0.00313,0.00038,-0.00876,-0.00185,0.10332
295,302080,34.42139,341.0,1.0,0.97,1.901246,-0.000489,6.729911,0.000323,519,0.06701,0.0,0.0,-0.01,0.00401,0.00037,-0.01212,0.0009,0.12975
296,303104,36.81804,354.66667,1.0,0.97,1.948895,0.010411,7.126249,0.001062,501,0.06585,0.0,0.0,-0.01,0.00374,0.00036,-0.01194,-0.00069,0.13191
297,304128,36.41283,392.0,1.0,0.97,1.874849,-0.003784,6.558834,0.001814,545,0.07193,0.0,0.0,-0.01,0.00222,0.00014,-0.00579,-0.00071,0.09827
298,305152,32.90035,401.66667,1.0,0.97,1.910798,-0.000922,9.45789,0.000789,520,0.06818,0.0,0.0,-0.01,0.00404,0.00039,-0.01507,0.00017,0.12299
299,306176,35.91695,425.0,1.0,0.97,1.9479,-0.001476,3.545374,0.001264,549,0.06807,0.0,0.0,-0.01,0.00578,0.00028,-0.01336,-0.0,0.04614
300,307200,15.17961,465.66667,1.0,0.97,1.945445,-0.000364,8.056297,0.000727,503,0.06622,0.33333,0.0,-0.01,0.00466,0.00037,-0.01036,-0.02502,0.10033
301,308224,47.68919,456.5,1.0,0.97,1.871366,0.026598,15.643806,0.000579,541,0.07071,0.0,0.0,-0.01,0.00329,0.00027,-0.00916,-0.01689,0.12169
302,309248,16.56837,508.33333,1.0,0.97,1.974424,0.067405,4.0642,0.001459,558,0.07163,0.33333,0.0,-0.01,0.00382,0.0003,-0.01369,-0.00065,0.10089
303,310272,48.98581,438.0,1.0,0.97,1.926119,0.021507,13.829023,0.001184,532,0.06864,0.0,0.0,-0.01,0.00394,0.00026,-0.00778,-0.06887,0.05748
304,311296,25.69357,435.66667,1.0,0.97,1.933285,-0.000211,9.050215,0.000481,523,0.06824,0.33333,0.0,-0.01,0.00441,0.00025,-0.00867,-0.0004,0.12299
305,312320,32.43592,386.4,1.0,0.97,1.923505,9.2e-05,12.507406,0.000301,523,0.0698,0.4,0.0,-0.01,0.00442,0.00064,-0.00707,0.00143,0.2584
306,313344,39.71196,352.0,1.0,0.97,1.918438,-0.000667,5.887512,0.000816,513,0.06581,0.0,0.0,-0.01,0.00571,0.00055,-0.00947,0.00184,0.04781
307,314368,35.88663,373.66667,1.0,0.97,1.846599,-0.000426,11.55059,0.000664,524,0.06821,0.0,0.0,-0.01,0.0016,0.00046,-0.01171,-0.02223,0.13041
308,315392,39.4804,333.0,1.0,0.97,1.933284,0.042748,6.453281,0.000644,510,0.06633,0.25,0.0,-0.01,0.00453,0.00049,-0.01086,0.00202,0.2076
309,316416,48.09631,304.5,1.0,0.97,1.877964,-0.000726,5.729435,0.001822,526,0.06886,0.0,0.0,-0.01,0.00355,0.00051,-0.00911,-0.00054,0.1155
310,317440,40.3509,301.75,1.0,0.97,1.81392,-0.000917,8.1715,0.000668,529,0.06804,0.0,1.0,-0.01,0.0032,0.00059,-0.01139,0.00305,0.19486
311,318464,50.1972,308.75,1.0,0.98,1.856421,-0.000419,3.808014,0.0004,500,0.06495,0.0,0.0,-0.01,0.00447,0.0005,-0.01072,0.00307,0.22367
312,319488,41.94085,292.0,1.0,0.98,1.88093,0.041501,8.912504,0.000582,524,0.06725,0.0,0.0,-0.01,0.00292,0.00049,-0.00735,-0.00052,0.14857
313,320512,40.33561,286.4,1.0,0.98,1.822589,-0.000251,10.058995,0.000214,505,0.0638,0.2,0.0,-0.01,0.00338,0.00069,-0.01052,-0.0218,0.25466
314,321536,55.83668,242.0,1.0,0.99,1.79834,-0.001101,9.764317,0.000536,524,0.06596,0.0,0.0,-0.01,0.00298,0.00059,-0.01067,0.00098,0.12477
315,322560,40.68139,268.66667,1.0,0.99,1.830616,0.036289,9.220013,0.001509,535,0.06754,0.0,0.0,-0.01,0.00324,0.00056,-0.01027,-0.00131,0.29778
316,323584,42.24952,267.0,1.0,0.99,1.815362,-0.000498,7.517046,0.000443,517,0.06764,0.0,0.0,-0.01,0.00409,0.00056,-0.0118,0.00218,0.10111
317,324608,43.53135,271.0,1.0,0.99,1.840322,-0.037546,15.412704,0.000381,510,0.06607,0.0,0.0,-0.01,0.00368,0.00066,-0.01066,-0.02572,0.20032
318,325632,37.19589,274.25,1.0,0.99,1.873471,-0.000486,10.290281,0.00039,484,0.06533,0.5,0.0,-0.01,0.00387,0.00055,-0.00828,-0.02119,0.21857
319,326656,45.91519,279.25,1.0,0.99,1.874945,-0.101764,8.670059,0.001288,514,0.06672,0.0,0.0,-0.01,0.00281,0.00046,-0.0097,0.0004,0.20928
320,327680,42.05985,310.0,1.0,1.0,1.840497,-0.000471,9.078284,0.000395,517,0.06729,0.25,0.0,-0.01,0.00441,0.00032,-0.00881,-0.01755,0.21881
321,328704,29.47823,344.0,1.0,1.0,1.87092,-0.002602,14.567044,0.001046,522,0.06723,0.0,1.0,-0.01,0.00522,0.00047,-0.00692,-0.04788,0.03606
322,329728,30.00843,322.66667,1.0,1.0,1.867268,-0.000514,6.894464,0.00033,539,0.06689,0.66667,0.0,-0.01,0.00424,0.00062,-0.01162,0.00205,0.16075
323,330752,41.92524,304.5,1.0,1.0,1.864772,-0.000576,10.535948,0.000809,501,0.06412,0.0,0.0,-0.01,0.00528,0.00037,-0.01057,-0.02377,0.18668
324,331776,36.14192,310.5,1.0,1.0,1.916559,0.035221,11.580788,0.000888,522,0.06656,0.5,0.0,-0.01,0.00285,0.00066,-0.01031,-0.01915,0.21716
325,332800,30.23656,335.75,1.0,1.0,1.959068,-0.000121,13.226322,0.000843,537,0.06994,0.25,0.0,-0.01,0.00648,0.00049,-0.01109,-0.01906,0.17683
326,333824,27.59103,327.0,1.0,1.0,1.921702,-2.9e-05,13.723088,0.000459,535,0.06905,0.0,0.0,-0.01,0.00546,0.00055,-0.00493,-0.04041,0.03727
327,334848,20.41475,360.66667,1.0,1.0,1.918767,-0.111442,4.089108,0.000782,542,0.06758,0.66667,0.0,-0.01,0.00303,0.00045,-0.01011,-5e-05,0.12016
328,335872,30.01057,377.33333,1.0,1.0,1.898082,-0.047784,7.137678,0.001039,568,0.07225,0.0,0.0,-0.01,0.00395,0.00032,-0.0079,-0.03274,0.12251
329,336896,20.62436,402.0,1.0,1.0,1.922758,7e-06,9.346583,0.001134,534,0.06862,0.5,0.0,-0.01,0.00356,0.00046,-0.00956,-0.02341,0.08211
330,337920,31.57529,379.66667,1.0,1.0,1.904243,0.017685,1.888144,0.000939,510,0.06621,0.33333,0.0,-0.01,0.00235,0.00037,-0.00993,0.00244,0.14425
331,338944,51.95597,363.0,1.0,1.0,1.844052,-0.000336,8.862834,0.000989,517,0.0676,0.0,0.0,-0.01,0.00369,0.00041,-0.00762,-0.02621,0.18131
332,339968,45.15974,340.0,1.0,1.0,1.852702,-0.000965,7.060638,0.001094,512,0.06613,0.0,0.0,-0.01,0.00334,0.00061,-0.00897,-0.02268,0.1583
333,340992,30.5402,360.5,1.0,1.0,1.889708,-0.070558,12.71429,0.001399,520,0.06743,0.5,0.0,-0.01,0.00289,0.00038,-0.00838,-0.02388,0.20195
334,342016,41.55315,296.66667,1.0,1.0,1.805128,-0.000795,9.720468,0.000609,521,0.06603,0.33333,0.0,-0.01,0.00438,0.00047,-0.01292,-0.01729,0.16872
335,343040,36.37328,255.0,1.0,1.0,1.731382,-0.000182,10.549656,0.000275,528,0.06691,0.2,0.0,-0.01,0.00443,0.00055,-0.01253,0.00036,0.2422
336,344064,41.27205,243.0,1.0,1.0,1.744835,-0.081361,12.362594,0.000225,528,0.06769,0.33333,0.0,-0.01,0.00402,0.00059,-0.00907,-0.01816,0.16478
337,345088,40.0694,258.6,1.0,1.0,1.720871,-0.04495,14.683797,0.000508,545,0.06938,0.2,0.0,-0.01,0.00482,0.00052,-0.01172,-0.01983,0.26746
338,346112,46.12161,238.0,1.0,1.0,1.74964,-0.047575,6.450225,0.002856,523,0.06578,0.0,0.0,-0.01,0.00383,0.00061,-0.0067,0.00258,0.20864
339,347136,38.40803,240.33333,1.0,1.0,1.810971,-0.023973,10.104618,0.000657,540,0.06894,0.0,0.0,-0.01,0.00428,0.0006,-0.01185,-0.00249,0.13919
340,348160,34.76902,280.2,0.8,0.99,1.826429,-0.000187,21.444025,0.000609,522,0.0657,0.2,0.0,-0.01,0.00544,0.00066,-0.0092,-0.00747,0.2163
341,349184,53.52248,270.5,1.0,0.99,1.83669,0.022378,5.823582,0.000553,526,0.06812,0.0,0.0,-0.01,0.00372,0.00046,-0.01066,0.00069,0.12054
342,350208,39.83825,295.6,1.0,0.99,1.815463,-0.000727,12.584642,0.000629,569,0.07206,0.0,0.0,-0.01,0.0038,0.00061,-0.01012,0.00112,0.25488
343,351232,42.15463,333.5,1.0,0.99,1.892557,-0.000678,8.839599,0.000657,517,0.06627,0.0,0.0,-0.01,0.0038,0.00054,-0.01495,-0.02075,0.09714
344,352256,42.13865,278.75,1.0,0.99,1.86901,-0.000171,12.591176,0.000224,535,0.06806,0.25,0.0,-0.01,0.00304,0.00051,-0.01332,-0.00994,0.22789
345,353280,27.98161,318.5,1.0,0.99,1.916156,-0.000552,7.230854,0.000338,554,0.06727,0.25,0.0,-0.01,0.00397,0.00038,-0.01285,-0.00044,0.16392
346,354304,41.22739,318.0,1.0,0.99,1.910322,-0.000233,10.433615,0.000737,533,0.06896,0.0,0.0,-0.01,0.00498,0.00056,-0.00943,0.00079,0.15216
347,355328,36.66591,324.0,1.0,0.99,1.883402,-2.4e-05,7.849545,0.000481,542,0.06984,0.0,0.0,-0.01,0.00432,0.00041,-0.01013,-0.00191,0.08882
348,356352,37.99483,319.0,1.0,0.99,1.869826,-0.00022,7.818731,0.000387,547,0.06926,0.0,0.0,-0.01,0.00367,0.00053,-0.01229,0.00076,0.19252
349,357376,35.06625,297.66667,1.0,0.99,1.91661,-0.017118,9.539673,0.000504,529,0.06803,0.33333,0.0,-0.01,0.00404,0.00048,-0.01018,-0.0174,0.14466
350,358400,32.85864,293.25,1.0,0.99,1.868187,3e-06,10.141949,0.000733,549,0.06743,0.25,0.0,-0.01,0.00447,0.00067,-0.01294,-0.00888,0.177
351,359424,42.12131,298.5,1.0,0.99,1.836877,-0.00057,7.589707,0.000418,542,0.0693,0.0,0.0,-0.01,0.0028,0.0004,-0.01001,0.00038,0.10327
352,360448,29.89976,298.5,0.75,0.98,1.86892,-0.00663,11.143104,0.001345,559,0.07074,0.25,0.0,-0.01,0.00544,0.00063,-0.01038,-0.01072,0.16803
353,361472,32.83746,367.75,0.75,0.97,1.913976,-0.062081,10.272175,0.000549,534,0.06726,0.0,0.0,-0.01,0.00574,0.00055,-0.01511,0.00191,0.16093
354,362496,41.69979,323.0,1.0,0.97,1.870139,-1.7e-05,13.528668,0.000361,556,0.07172,0.0,0.0,-0.01,0.00453,0.00041,-0.00993,-0.03099,0.0532
355,363520,31.95217,331.25,1.0,0.97,1.89294,-0.000315,6.646189,0.000307,536,0.06747,0.0,0.0,-0.01,0.00382,0.00067,-0.01192,0.00228,0.16404
356,364544,37.95985,345.33333,1.0,0.97,1.948185,-0.000281,5.537564,0.000393,520,0.06771,0.33333,0.0,-0.01,0.00596,0.00026,-0.01063,-0.00086,0.16516
357,365568,34.54719,362.0,1.0,0.97,1.770244,0.009048,20.151374,0.000588,593,0.07724,0.0,0.0,-0.01,0.00282,0.00075,-0.00711,-0.05501,0.0984
358,366592,20.5985,327.0,1.0,0.97,1.914165,-0.0005,5.672902,0.000466,537,0.06852,0.4,1.0,-0.01,0.00453,0.00031,-0.01247,-0.0012,0.18849
359,367616,28.86856,322.5,1.0,0.97,1.836535,-0.119018,7.186579,0.001275,583,0.06822,0.0,0.0,-0.01,0.00233,0.00071,-0.00894,-0.0011,0.07491
360,368640,24.59442,310.5,1.0,0.97,1.861586,-0.000752,11.348478,0.000471,628,0.07026,0.5,0.0,-0.01,0.00488,0.00052,-0.01079,-0.03698,0.16944
361,369664,32.0597,332.0,1.0,0.97,1.837272,0.075857,3.787385,0.000592,582,0.06532,0.0,0.0,-0.01,0.00401,0.00031,-0.00986,0.00158,0.07948
362,370688,37.36442,308.75,1.0,0.97,1.76275,-0.052841,9.286053,0.000529,600,0.06834,0.5,0.0,-0.01,0.00362,0.00071,-0.01022,-0.04135,0.22381
363,371712,46.29715,313.5,1.0,0.97,1.96444,-0.036655,3.379466,0.000293,563,0.06627,0.0,0.0,-0.01,0.00528,0.00025,-0.01204,0.00175,0.21184
364,372736,38.08276,328.0,1.0,0.97,1.903168,0.0008,8.865718,0.002229,585,0.06764,0.0,0.0,-0.01,0.00334,0.00054,-0.00799,0.00092,0.0905
365,373760,51.17325,332.5,1.0,0.97,1.904785,-0.000459,7.290656,0.000396,561,0.06644,0.0,0.0,-0.01,0.00368,0.00048,-0.01029,0.00056,0.23656
366,374784,41.76562,325.5,1.0,0.97,1.959085,-0.000981,4.688026,0.000755,514,0.06657,0.0,0.0,-0.01,0.00596,0.00038,-0.01141,-4e-05,0.09837
367,375808,39.19995,330.75,1.0,0.97,1.762785,-0.036713,7.48434,0.002543,513,0.06688,0.0,0.0,-0.01,0.00301,0.00054,-0.00857,0.00221,0.19251
368,376832,47.85859,312.5,1.0,0.97,1.807497,0.072929,6.23082,0.001579,501,0.06551,0.0,0.0,-0.01,0.00403,0.00052,-0.01323,0.00113,0.21816
369,377856,50.22159,244.25,1.0,0.97,1.810545,-0.000226,8.024917,0.000535,519,0.06634,0.0,0.0,-0.01,0.00486,0.00064,-0.01146,0.0004,0.23432
370,378880,42.0501,258.8,1.0,0.98,1.822084,-0.077504,8.672531,0.000653,534,0.06704,0.0,0.0,-0.01,0.00546,0.00048,-0.01254,0.00184,0.25058
371,379904,48.28187,247.66667,1.0,0.98,1.862063,0.005011,8.960137,0.001868,531,0.06739,0.0,0.0,-0.01,0.00513,0.00076,-0.01098,-0.00125,0.17136
372,380928,45.4923,237.6,1.0,0.98,1.868268,0.016665,7.317545,0.000543,508,0.06407,0.0,0.0,-0.01,0.00577,0.00051,-0.01211,0.00298,0.25489
373,381952,53.0123,242.66667,1.0,0.98,1.849985,0.017341,7.809015,0.002562,512,0.06651,0.0,0.0,-0.01,0.0047,0.00058,-0.01182,2e-05,0.18089
374,382976,43.18043,244.75,1.0,0.98,1.846196,-0.03709,6.689321,0.001266,534,0.06858,0.0,0.0,-0.01,0.00574,0.00031,-0.01239,0.00174,0.20672
375,384000,49.70352,276.5,1.0,0.98,1.836943,-0.00016,12.68683,0.000914,522,0.06634,0.0,0.0,-0.01,0.0044,0.00054,-0.01402,0.00206,0.22495
376,385024,51.54337,235.0,1.0,0.98,1.801163,-0.073478,10.884016,0.000796,511,0.0653,0.0,0.0,-0.01,0.00487,0.00071,-0.01443,0.00121,0.29339
377,386048,44.0975,240.8,1.0,0.98,1.83522,-0.007303,6.523955,0.000826,525,0.06757,0.0,0.0,-0.01,0.00345,0.00058,-0.01214,0.00174,0.26249
378,387072,53.26869,234.8,1.0,0.98,1.792158,0.000192,8.79102,0.000409,559,0.06432,0.0,0.0,-0.01,0.00401,0.00066,-0.01098,0.00331,0.29561
379,388096,48.11153,226.0,1.0,0.98,1.838512,-0.053055,9.471991,0.000393,568,0.06548,0.25,0.0,-0.01,0.00376,0.00049,-0.01245,-0.01999,0.23619
380,389120,53.53676,223.8,1.0,1.0,1.803,0.034666,8.682721,0.001892,562,0.06524,0.0,0.0,-0.01,0.0057,0.00066,-0.01113,0.00192,0.29673
381,390144,48.31373,223.0,1.0,1.0,1.851507,-0.050704,10.194693,0.001095,593,0.0686,0.0,0.0,-0.01,0.00531,0.00061,-0.01256,-0.00195,0.16744
382,391168,32.06018,241.4,1.0,1.0,1.830027,0.017984,10.942691,0.000994,601,0.06807,0.2,0.0,-0.01,0.00601,0.00074,-0.01147,-0.01599,0.21962
383,392192,53.70133,236.6,1.0,1.0,1.799502,0.041979,10.323048,0.001667,584,0.06732,0.0,0.0,-0.01,0.00467,0.00064,-0.00955,-0.00035,0.30339
384,393216,38.88068,240.66667,1.0,1.0,1.786567,-0.094976,10.765817,0.002005,622,0.06742,0.0,0.0,-0.01,0.00474,0.00052,-0.01203,-0.01671,0.14072
385,394240,39.04294,257.4,1.0,1.0,1.648061,-0.000286,16.129297,0.000401,594,0.06677,0.2,0.0,-0.01,0.00337,0.00037,-0.00937,0.00111,0.25089
386,395264,41.55693,252.5,1.0,1.0,1.758445,-0.000226,10.355044,0.0003,589,0.06629,0.0,0.0,-0.01,0.00417,0.00041,-0.01114,-0.00085,0.19791
387,396288,36.95828,252.0,1.0,1.0,1.739181,0.029945,14.589918,0.001067,603,0.06997,0.33333,0.0,-0.01,0.00646,0.00055,-0.00651,-0.0207,0.15649
388,397312,48.16329,237.0,1.0,1.0,1.806744,0.274052,27.73877,0.000983,561,0.07023,0.0,0.0,-0.01,0.00669,0.00052,-0.01319,0.00189,0.17129
389,398336,42.43389,246.33333,1.0,1.0,1.739189,-0.001888,14.323591,0.00044,629,0.0765,0.0,0.0,-0.01,0.00514,0.00066,-0.01245,-0.00164,0.16985
