iteration,env_steps,ep_return,ep_length,success_rate,success_rate_rolling,entropy,policy_loss,value_loss,approx_kl,grad_norm,clipfrac,explained_variance,value_mean,value_std,return_mean,return_std,epochs_used,lr,n_episodes,sps,tx_per_agent_step,messages_per_agent_step,timeout_rate_rolling,human_death_rate,false_complete_rate,cover_under_threat,objective_dist_under_threat,comp_time,comp_compliance,comp_report,comp_command,comp_combat,comp_terminal
1,1024,nan,nan,0.0,0.0,2.138806,-0.007593,0.183668,0.003674,0.769436,0.043701,0.080106,-0.26729,0.198891,-1.548696,1.689681,4.0,0.0003,0,505,0.32849,0.44152,0.0,0.0,0.0,,,-0.01,0.00485,-0.0224,-0.04609,-0.00047,0.0
2,2048,nan,nan,0.0,0.0,2.027104,-0.005379,0.048066,0.003922,0.741846,0.059509,0.782517,-1.40789,1.850179,-2.516075,3.243793,4.0,0.00029991,0,501,0.32641,0.43256,0.0,0.0,0.0,,,-0.01,0.00676,-0.02116,-0.04823,-0.00097,0.0
3,3072,-21.12262,300.0,0.0,0.0,2.06802,-0.00479,0.028571,0.003662,0.508011,0.032959,0.89865,-2.343562,3.237373,-3.289315,4.475727,4.0,0.00029982,8,504,0.31357,0.41019,1.0,0.0,1.0,,,-0.01,0.00705,-0.01824,-0.04573,0.0,0.0
4,4096,-13.01273,178.0,0.0,0.0,1.837868,-0.003756,0.04293,0.00272,0.420882,0.024658,0.924388,-3.33718,4.322198,-4.12347,5.200159,4.0,0.00029974,1,540,0.25682,0.34847,0.88889,1.0,1.0,,,-0.01,0.00588,-0.01187,-0.04335,-0.00639,-0.00223
5,5120,-16.23965,274.625,0.0,0.0,1.570759,-0.006361,0.045028,0.005919,0.382884,0.114868,0.915484,-4.286325,4.641123,-4.666104,5.235855,4.0,0.00029965,8,511,0.26739,0.35163,0.70588,0.625,0.98901,,,-0.01,0.00785,-0.0113,-0.0393,-0.00807,-0.01021
6,6144,-9.37724,136.33333,0.0,0.0,1.672341,-0.009534,0.052203,0.006027,0.471699,0.101135,0.916662,-4.48606,5.414669,-4.607153,5.501703,4.0,0.00029956,6,557,0.26753,0.35822,0.52174,1.0,1.0,,,-0.01,0.01263,-0.01302,-0.0331,-0.01557,-0.01451
7,7168,-7.20945,117.8,0.0,0.0,1.665239,-0.005756,0.045889,0.005889,0.360184,0.082214,0.92245,-5.003786,5.4438,-5.028072,5.658138,4.0,0.00029947,10,511,0.23504,0.32119,0.36364,1.0,0.97436,,,-0.01,0.01424,-0.00487,-0.03567,-0.01638,-0.02313
8,8192,-7.02127,114.33333,0.0,0.0,1.540465,-0.006558,0.037183,0.006393,0.404416,0.094971,0.912248,-4.822011,4.905204,-4.768615,4.849796,4.0,0.00029939,9,504,0.23072,0.3198,0.28571,1.0,0.92857,,,-0.01,0.01278,-0.00727,-0.03395,-0.02082,-0.02266
9,9216,-5.88239,83.08333,0.0,0.0,1.590845,-0.007182,0.041087,0.006313,0.576391,0.103088,0.895482,-5.377691,5.00722,-5.000044,4.719562,4.0,0.0002993,12,503,0.25215,0.33837,0.22222,1.0,1.0,,,-0.01,0.01558,-0.00396,-0.03303,-0.02326,-0.02844
10,10240,-5.62829,86.41667,0.0,0.0,1.46543,-0.005544,0.033274,0.004472,0.513836,0.065552,0.894819,-4.82633,4.415187,-4.47427,4.112337,4.0,0.00029921,12,531,0.23428,0.32343,0.18182,1.0,0.93333,,,-0.01,0.01415,-0.00096,-0.03116,-0.02376,-0.03003
11,11264,-5.28032,85.3,0.0,0.0,1.458719,-0.006593,0.033781,0.005997,0.376086,0.08905,0.886186,-5.001472,3.823509,-4.789422,3.895756,4.0,0.00029912,10,537,0.25063,0.33913,0.15789,1.0,1.0,,,-0.01,0.01309,-0.00527,-0.03172,-0.01863,-0.02528
12,12288,-5.33274,120.6,0.0,0.0,1.079423,-0.007175,0.022829,0.006097,0.395421,0.093384,0.860956,-3.502451,3.109179,-3.318962,2.925075,4.0,0.00029903,5,572,0.2408,0.31167,0.14815,1.0,1.0,,,-0.01,0.01331,-0.00547,-0.02454,-0.00932,-0.01566
13,13312,-6.21322,142.54545,0.0,0.0,1.238303,-0.005468,0.018962,0.004941,0.346575,0.067444,0.875662,-3.595284,2.845299,-3.529933,2.709401,4.0,0.00029895,11,486,0.20786,0.28438,0.1413,1.0,1.0,,,-0.01,0.01403,-0.00432,-0.02856,-0.01655,-0.02758
14,14336,-5.01795,89.28571,0.0,0.0,1.477119,-0.006267,0.028109,0.006533,0.437156,0.093811,0.838628,-3.521491,2.490235,-3.65121,2.846831,4.0,0.00029886,7,558,0.20942,0.28288,0.13131,1.0,1.0,,,-0.01,0.01134,-0.00179,-0.03329,-0.00767,-0.01659
15,15360,-8.73432,212.5,0.0,0.0,1.141275,-0.007185,0.01912,0.005365,0.418847,0.081116,0.888886,-3.139648,2.338545,-3.339639,2.797646,4.0,0.00029877,4,630,0.21875,0.28234,0.12,0.75,1.0,,,-0.01,0.0096,-0.00296,-0.0348,-0.00196,-0.00581
16,16384,-5.88843,218.0,0.0,0.0,1.150188,-0.004557,0.018735,0.005229,0.366652,0.064209,0.926376,-3.516125,2.861362,-3.614727,3.217572,4.0,0.00029868,5,528,0.20525,0.27087,0.09,0.8,0.88889,,,-0.01,0.00857,-0.00095,-0.03298,-0.0027,-0.00875
17,17408,-5.32319,152.75,0.0,0.0,0.968761,-0.004908,0.017398,0.003503,0.392906,0.039368,0.911985,-3.396042,2.589275,-3.484375,2.796638,4.0,0.0002986,4,595,0.23532,0.29745,0.1,0.75,0.66667,,,-0.01,0.00957,-0.00246,-0.0281,-0.00368,-0.01021
18,18432,-6.87882,261.0,0.0,0.0,1.016009,-0.004267,0.01695,0.004025,0.400227,0.064148,0.936588,-3.65,2.986572,-3.7412,3.31239,4.0,0.00029851,6,631,0.24262,0.30563,0.11,0.5,0.82609,,,-0.01,0.01062,-0.00328,-0.02913,0.0023,-0.00315
19,19456,-4.02507,205.75,0.0,0.0,0.966916,-0.003705,0.020632,0.002495,0.390603,0.028931,0.944341,-3.559756,3.372612,-3.702365,3.802598,4.0,0.00029842,4,571,0.26163,0.31796,0.13,1.0,1.0,,,-0.01,0.00864,-0.00368,-0.02934,-0.00167,-0.00653
20,20480,-6.03875,237.33333,0.0,0.0,1.247329,-0.005547,0.030451,0.002866,0.413195,0.029663,0.946086,-4.072255,4.419453,-4.305147,5.128436,4.0,0.00029833,6,609,0.23828,0.29531,0.17,0.33333,0.77778,,,-0.01,0.00799,-0.00046,-0.03298,0.00272,-0.00507
21,21504,-4.89375,91.66667,0.0,0.0,1.271132,-0.005318,0.034727,0.002667,0.421001,0.040649,0.951154,-4.300405,5.166025,-4.532922,5.755903,4.0,0.00029824,3,589,0.26677,0.32456,0.17,1.0,0.0,,,-0.01,0.00838,-0.00228,-0.03277,-0.00303,-0.0077
22,22528,-8.80462,300.0,0.0,0.0,1.108789,-0.007288,0.02923,0.005025,0.43078,0.075989,0.95374,-3.962387,4.718293,-4.170071,5.098752,4.0,0.00029816,4,589,0.26554,0.32114,0.21,0.0,0.81818,,,-0.01,0.00842,-0.00333,-0.02651,0.00402,0.0
23,23552,-5.4202,300.0,0.0,0.0,1.121431,-0.006307,0.015533,0.002919,0.400944,0.036377,0.974047,-4.279014,5.14816,-4.598984,5.786276,4.0,0.00029807,3,626,0.27672,0.32595,0.24,0.0,0.88889,,,-0.01,0.00738,-0.00276,-0.03323,0.00439,0.0
24,24576,-5.64818,257.4,0.0,0.0,1.401,-0.00796,0.034447,0.005236,0.413313,0.073181,0.958984,-4.686692,6.047869,-5.066945,6.808734,4.0,0.00029798,5,615,0.26213,0.32432,0.28,0.2,0.83333,,,-0.01,0.00984,-0.0023,-0.03491,0.00064,-0.00249
25,25600,-9.23122,230.6,0.0,0.0,1.624374,-0.004984,0.038459,0.003757,0.447127,0.040161,0.961634,-5.46458,6.989841,-5.949665,7.915003,4.0,0.00029789,5,592,0.29151,0.36183,0.31,0.4,0.9,,,-0.01,0.00875,-0.00319,-0.03807,0.00059,-0.00441
26,26624,-7.08473,174.0,0.0,0.0,1.458651,-0.006564,0.036363,0.003268,0.389681,0.039062,0.960267,-5.022326,6.70306,-5.324218,7.326251,4.0,0.00029781,6,541,0.25356,0.31982,0.33,0.66667,0.88889,,,-0.01,0.01117,-0.00177,-0.03444,-0.00424,-0.00968
27,27648,-5.70021,172.66667,0.0,0.0,1.234687,-0.007636,0.029612,0.004853,0.466046,0.065552,0.951044,-4.374144,5.642467,-4.504735,5.922801,4.0,0.00029772,6,592,0.22267,0.27751,0.35,0.66667,0.92857,,,-0.01,0.01243,-0.00292,-0.02593,-0.00611,-0.0117
28,28672,-6.49814,202.2,0.0,0.0,1.221347,-0.003684,0.032054,0.002756,0.369807,0.030212,0.927516,-4.167169,4.657668,-4.202964,4.829784,4.0,0.00029763,5,605,0.23356,0.28836,0.37,0.6,1.0,,,-0.01,0.00987,-0.00148,-0.02835,-0.00285,-0.00907
29,29696,-6.28181,266.25,0.0,0.0,1.357782,-0.004994,0.02842,0.003853,0.498806,0.05127,0.946202,-4.418129,5.006346,-4.665626,5.541777,4.0,0.00029754,4,539,0.24129,0.28653,0.4,0.25,0.8,,,-0.01,0.00772,-0.00159,-0.03095,0.00012,-0.00268
30,30720,-6.40574,239.0,0.0,0.0,1.433143,-0.005816,0.025937,0.003726,0.566449,0.054504,0.94892,-4.559369,5.040267,-4.845777,5.700028,4.0,0.00029745,5,499,0.22764,0.25882,0.42,0.8,1.0,,,-0.01,0.00973,-0.00098,-0.03528,-0.00083,-0.00756
31,31744,nan,nan,0.0,0.0,1.121855,-0.00698,0.032133,0.00357,0.41577,0.052917,0.893434,-3.611121,4.054942,-3.623716,3.992974,4.0,0.00029737,0,623,0.21314,0.2546,0.42,0.0,0.0,,,-0.01,0.00731,-0.00123,-0.0256,-0.00461,0.0
32,32768,-7.34001,300.0,0.0,0.0,1.096539,-0.007609,0.019384,0.005531,0.441771,0.090454,0.951161,-3.605205,4.421477,-3.805598,4.778366,4.0,0.00029728,5,532,0.19311,0.22917,0.47,0.2,1.0,,,-0.01,0.00805,-0.00162,-0.0249,0.00074,0.0
33,33792,-4.9603,293.33333,0.0,0.0,1.518949,-0.003937,0.018928,0.004492,0.513559,0.070862,0.967138,-4.917256,5.530671,-5.333355,6.227652,4.0,0.00029719,3,530,0.19791,0.23302,0.49,0.33333,1.0,,,-0.01,0.00492,-0.00061,-0.03544,0.00306,-0.00232
34,34816,-10.13957,293.2,0.0,0.0,1.550893,-0.005266,0.022021,0.003836,0.508604,0.052673,0.965905,-4.954224,6.052236,-5.360943,6.839932,4.0,0.0002971,5,569,0.2099,0.25516,0.52,0.2,1.0,,,-0.01,0.00711,-0.00136,-0.03626,-0.00132,-0.00226
35,35840,-11.1058,300.0,0.0,0.0,1.690434,-0.003837,0.025762,0.004699,0.41059,0.038391,0.969894,-5.70063,7.359529,-6.064422,8.206861,4.0,0.00029702,3,536,0.20206,0.22636,0.55,0.0,1.0,,,-0.01,0.00789,-0.00118,-0.03704,0.00063,0.0
36,36864,-8.88285,300.0,0.0,0.0,1.300535,-0.004614,0.024901,0.003149,0.420195,0.045471,0.96891,-4.28264,6.684895,-4.549709,7.184272,4.0,0.00029693,3,487,0.20425,0.244,0.58,0.0,1.0,,,-0.01,0.00659,-0.00153,-0.03026,-0.0024,0.0
37,37888,-8.8058,296.0,0.0,0.0,1.487041,-0.004963,0.020891,0.003009,0.399499,0.036255,0.97921,-5.341166,8.076342,-5.573201,8.658887,4.0,0.00029684,5,535,0.19055,0.22989,0.62,0.2,1.0,,,-0.01,0.00793,-0.00057,-0.03391,0.00178,-0.00235
38,38912,nan,nan,0.0,0.0,1.602924,-0.005289,0.01665,0.003884,0.415909,0.03009,0.982373,-5.855911,8.702336,-6.189166,9.444302,4.0,0.00029675,0,521,0.2037,0.24237,0.62,0.0,0.0,,,-0.01,0.00739,-0.00065,-0.03597,0.00177,0.0
39,39936,-9.37799,300.0,0.0,0.0,1.627842,-0.007059,0.013708,0.007767,0.486738,0.114441,0.987454,-6.415355,9.662769,-6.701538,10.338701,4.0,0.00029666,5,576,0.19302,0.22581,0.65,0.0,0.0,,,-0.01,0.00692,-0.0008,-0.03516,0.00249,0.0
40,40960,-11.69377,300.0,0.0,0.0,1.692494,-0.002094,0.018455,0.003235,0.424523,0.026245,0.98696,-7.080868,10.718398,-7.399877,11.366842,4.0,0.00029658,3,556,0.18121,0.21978,0.67,0.0,1.0,,,-0.01,0.00824,-0.00077,-0.03275,0.00282,0.0
41,41984,-9.07301,300.0,0.0,0.0,1.439061,-0.004012,0.02683,0.001884,0.335064,0.021057,0.980455,-6.330796,10.236229,-6.32236,10.373321,4.0,0.00029649,5,517,0.18704,0.21663,0.7,0.0,1.0,,,-0.01,0.00734,-0.00074,-0.02935,0.00012,0.0
42,43008,-9.01919,292.0,0.0,0.0,1.479078,-0.004308,0.03365,0.004242,0.354649,0.078491,0.973847,-6.590148,10.105568,-6.634336,10.268516,4.0,0.0002964,3,617,0.17754,0.21862,0.7,0.33333,1.0,,,-0.01,0.00815,-0.0013,-0.02935,-0.00026,-0.0023
43,44032,-6.25225,300.0,0.0,0.0,1.032857,-0.00456,0.025021,0.003432,0.460577,0.036987,0.957177,-4.261574,7.733208,-3.94307,7.399516,4.0,0.00029631,2,608,0.13739,0.17164,0.71,0.0,1.0,,,-0.01,0.00708,0.00031,-0.01733,0.0,0.0
44,45056,4.8237,299.5,0.16667,0.01,1.260772,-0.001462,0.420398,0.002974,0.811135,0.027405,0.669144,-4.978703,8.542776,-3.638844,10.764958,4.0,0.00029623,6,572,0.13086,0.15788,0.72,0.0,1.0,,,-0.01,0.00837,0.00039,-0.02059,0.00322,0.0791
45,46080,nan,nan,0.0,0.01,1.076026,-0.004519,0.026119,0.003915,0.621699,0.056458,0.964871,-2.333112,7.315859,-2.060392,7.206193,4.0,0.00029614,0,623,0.1205,0.14238,0.72,0.0,0.0,,,-0.01,0.00562,0.0005,-0.01701,0.00108,0.0
46,47104,-4.1362,279.5,0.0,0.01,1.123456,-0.005891,0.026027,0.004673,0.386619,0.073364,0.963621,-3.229873,8.079782,-3.005517,8.104151,4.0,0.00029605,6,576,0.11241,0.14119,0.73,0.16667,0.0,,,-0.01,0.00755,0.0005,-0.02142,0.00135,-0.00274
47,48128,-2.94717,300.0,0.0,0.01,1.043918,-0.004075,0.023096,0.003676,0.439902,0.069519,0.959814,-1.944372,7.474038,-1.693551,7.437769,4.0,0.00029596,2,530,0.10976,0.13452,0.75,0.0,0.0,,,-0.01,0.00602,-0.0,-0.02406,-0.00273,0.0
48,49152,-4.64723,300.0,0.0,0.01,1.044123,-0.004719,0.010256,0.001574,0.355567,0.013733,0.981913,-1.370188,7.398321,-1.24909,7.425137,4.0,0.00029587,6,511,0.10708,0.12175,0.76,0.0,1.0,,,-0.01,0.00567,-2e-05,-0.02287,0.00044,0.0
49,50176,-9.86519,300.0,0.0,0.01,1.419659,-0.006542,0.007194,0.006933,0.455782,0.112,0.987285,-3.291829,8.1438,-3.477958,8.759291,4.0,0.00029579,2,600,0.1511,0.15914,0.76,0.0,0.0,,,-0.01,0.00582,-0.0004,-0.02923,0.00114,0.0
50,51200,-7.29151,300.0,0.0,0.01,1.516908,-0.004595,0.006419,0.004741,0.447522,0.060852,0.99025,-2.796516,8.870975,-3.102917,9.415284,4.0,0.0002957,3,581,0.17974,0.17735,0.76,0.0,1.0,,,-0.01,0.00518,-0.00085,-0.02801,0.0,0.0
51,52224,-9.92147,300.0,0.0,0.01,1.489331,-0.004215,0.007854,0.00378,0.39405,0.033142,0.989649,-3.663704,9.974002,-3.963338,10.576422,4.0,0.00029561,5,528,0.18234,0.19589,0.79,0.0,1.0,,,-0.01,0.00565,-0.00079,-0.03257,0.00211,0.0
52,53248,nan,nan,0.0,0.01,1.5259,-0.006992,0.005285,0.007188,0.495097,0.124512,0.992639,-3.317966,10.142613,-3.631271,10.821434,4.0,0.00029552,0,626,0.22237,0.22419,0.79,0.0,0.0,,,-0.01,0.0083,-0.00155,-0.02982,0.00042,0.0
53,54272,-10.05973,300.0,0.0,0.01,1.473136,-0.005082,0.011493,0.003811,0.369903,0.045776,0.9893,-3.46488,10.83505,-3.566893,11.090641,4.0,0.00029544,6,538,0.17154,0.18416,0.82,0.0,1.0,,,-0.01,0.00749,-0.0006,-0.02811,0.00016,0.0
54,55296,-7.90189,300.0,0.0,0.01,1.217377,-0.004203,0.014087,0.002896,0.333373,0.034546,0.982158,-2.372089,9.532887,-2.343155,9.643368,4.0,0.00029535,2,656,0.17911,0.17812,0.83,0.0,1.0,,,-0.01,0.00692,-0.00101,-0.02092,-0.00185,0.0
55,56320,-6.54579,300.0,0.0,0.01,1.152212,-0.006147,0.006225,0.0043,0.393964,0.072388,0.991452,-1.677207,9.18867,-1.839026,9.594231,4.0,0.00029526,6,514,0.17081,0.16667,0.87,0.0,1.0,,,-0.01,0.0065,-0.00056,-0.02151,0.00107,0.0
56,57344,-2.61296,300.0,0.0,0.01,1.358184,-0.004635,0.03514,0.004484,0.393777,0.057068,0.965446,-2.665891,10.681582,-2.650949,10.63962,4.0,0.00029517,2,523,0.20497,0.21364,0.88,0.0,0.0,,,-0.01,0.01027,-0.00132,-0.01902,-0.00016,0.0
57,58368,-6.39836,300.0,0.0,0.01,1.416116,-0.003406,0.026974,0.00426,0.39188,0.067139,0.968607,-2.080059,9.961309,-2.080036,9.862358,4.0,0.00029508,3,596,0.22561,0.2311,0.9,0.66667,0.0,,,-0.01,0.00931,-0.00165,-0.01533,2e-05,0.0
58,59392,-4.58373,300.0,0.0,0.01,1.604885,-0.00462,0.036785,0.006456,0.400785,0.094177,0.965904,-3.731538,11.294724,-3.780553,11.297718,4.0,0.000295,5,529,0.21099,0.21829,0.92,0.6,0.5,,,-0.01,0.00925,-0.00094,-0.02353,0.00076,0.0
59,60416,nan,nan,0.0,0.01,1.501614,-0.005689,0.050342,0.00918,0.42951,0.18634,0.908044,-1.999849,8.893147,-1.893483,8.440653,4.0,0.00029491,0,573,0.24337,0.25619,0.92,0.0,0.0,,,-0.01,0.01075,-0.00228,-0.01526,-0.00071,0.0
60,61440,-5.26393,300.0,0.0,0.01,1.282324,-0.005465,0.03237,0.004586,0.407408,0.05835,0.939925,-1.786488,8.465985,-1.532193,8.187536,4.0,0.00029482,6,576,0.18975,0.20794,0.94,0.83333,0.0,,,-0.01,0.01251,-0.00153,-0.01754,0.00159,0.0
61,62464,19.48977,253.0,0.33333,0.02,1.272167,-0.002818,0.421293,0.005498,0.74755,0.089294,0.385799,-1.482816,7.219016,0.138702,9.159624,4.0,0.00029473,3,586,0.18879,0.20727,0.93,0.66667,0.0,,,-0.01,0.00991,-0.00192,-0.01663,0.00206,0.082
62,63488,-3.77841,280.6,0.0,0.02,1.100577,-0.006374,0.034755,0.007649,0.48648,0.117737,0.813715,1.56664,5.537076,1.757751,4.917371,4.0,0.00029465,5,540,0.17667,0.1927,0.93,0.8,0.0,,,-0.01,0.01202,-0.00151,-0.01177,0.00162,-0.00546
63,64512,-3.34573,300.0,0.0,0.02,1.079303,-0.00362,0.020706,0.002244,0.364005,0.020447,0.727876,2.188236,4.244087,2.367064,3.531272,4.0,0.00029456,3,576,0.16217,0.17992,0.93,1.0,0.0,,,-0.01,0.01205,-0.00143,-0.0147,-0.00478,0.0
64,65536,-3.63558,277.0,0.0,0.02,0.791162,-0.004101,0.014495,0.00393,0.33699,0.053711,0.694479,3.252473,3.177181,3.467725,2.655166,4.0,0.00029447,3,569,0.14323,0.16178,0.92,1.0,1.0,,,-0.01,0.01203,-0.00152,-0.01101,0.00257,-0.00345
65,66560,-2.25071,300.0,0.0,0.02,0.931163,-0.004082,0.007479,0.002311,0.326003,0.021362,0.825358,3.617169,2.667221,3.597405,2.435765,4.0,0.00029438,4,583,0.1526,0.16403,0.92,1.0,1.0,,,-0.01,0.00905,-0.00122,-0.01797,0.00171,0.0
66,67584,-4.05173,279.25,0.0,0.02,1.056478,-0.005294,0.01129,0.004833,0.334073,0.071472,0.795637,3.034913,2.710366,2.897042,2.678679,4.0,0.00029429,4,532,0.18116,0.18678,0.92,0.75,1.0,,,-0.01,0.01036,-0.00133,-0.0165,0.00167,-0.00264
67,68608,-5.48775,300.0,0.0,0.02,1.035235,-0.004315,0.004437,0.002417,0.323984,0.029602,0.914468,2.908525,2.474965,2.77069,2.557734,4.0,0.00029421,2,605,0.18679,0.20028,0.92,0.5,0.0,,,-0.01,0.00856,-0.00165,-0.01828,-0.00021,0.0
68,69632,-3.16144,279.2,0.0,0.02,0.949273,-0.003536,0.009245,0.002371,0.313697,0.034607,0.805263,2.832402,2.470211,2.783321,2.39082,4.0,0.00029412,5,590,0.16566,0.18315,0.91,0.8,1.0,,,-0.01,0.01183,-0.00119,-0.01438,-0.00282,-0.00286
69,70656,-4.93859,293.0,0.0,0.02,0.807754,-0.002567,0.006076,0.002104,0.275289,0.018738,0.808381,3.122478,1.94065,3.057724,1.944551,4.0,0.00029403,3,610,0.13522,0.15043,0.9,1.0,1.0,,,-0.01,0.01182,-0.00109,-0.01018,0.00148,-0.00329
70,71680,12.627,250.2,0.2,0.03,0.882609,-0.005183,0.340258,0.005764,0.531275,0.09729,0.120973,2.776328,1.902088,3.932383,6.965417,4.0,0.00029394,5,641,0.11719,0.13189,0.89,0.8,0.0,,,-0.01,0.01094,-0.00062,-0.01365,0.00176,0.10059
71,72704,-2.56279,259.0,0.0,0.03,0.878333,-0.007604,0.019553,0.006326,0.539008,0.107544,0.743625,3.748818,2.739764,3.510714,2.691606,4.0,0.00029386,3,578,0.12537,0.1428,0.88,1.0,0.0,,,-0.01,0.01116,-0.00078,-0.01505,-0.00369,-0.00297
72,73728,-2.04096,300.0,0.0,0.03,0.759454,-0.003613,0.006657,0.002991,0.336687,0.03656,0.860709,2.993794,2.769069,2.978678,2.576086,4.0,0.00029377,3,580,0.12346,0.13485,0.88,1.0,1.0,,,-0.01,0.00949,-0.0005,-0.00913,0.0033,0.0
73,74752,-3.02279,300.0,0.0,0.02,0.987055,-0.003415,0.009693,0.003452,0.350104,0.041321,0.834185,3.115013,2.688242,2.905516,2.64219,4.0,0.00029368,5,611,0.20984,0.22647,0.89,1.0,0.0,,,-0.01,0.00959,-0.00177,-0.01766,0.00033,0.0
74,75776,-2.65461,241.0,0.0,0.02,0.728646,-0.002372,0.008429,0.001996,0.351496,0.020752,0.813096,2.388752,2.448725,2.149587,2.30517,4.0,0.00029359,2,625,0.15455,0.16769,0.89,1.0,0.0,,,-0.01,0.0123,-0.00156,-0.00931,-0.00306,-0.0035
75,76800,-3.01822,295.0,0.0,0.02,0.70083,-0.002909,0.006445,0.002078,0.354115,0.023987,0.846376,2.176538,2.216907,1.943213,2.160271,4.0,0.0002935,6,640,0.11633,0.12511,0.88,1.0,1.0,,,-0.01,0.01026,-0.00058,-0.01388,0.00083,-0.00351
76,77824,-3.7154,239.5,0.0,0.02,0.768075,-0.003307,0.006102,0.0024,0.393738,0.034363,0.830234,1.780848,1.988585,1.554592,2.021758,4.0,0.00029342,2,597,0.11328,0.13156,0.87,1.0,0.0,,,-0.01,0.01369,-0.00029,-0.0114,0.00072,-0.00318
77,78848,-0.98176,300.0,0.0,0.02,0.703067,-0.004503,0.002893,0.005249,0.445086,0.074097,0.905847,1.396981,1.960003,1.273926,1.902376,4.0,0.00029333,3,607,0.106,0.11951,0.87,1.0,0.0,,,-0.01,0.01163,-0.00038,-0.00837,-0.00059,0.0
78,79872,21.58072,220.33333,0.33333,0.04,0.832988,-0.001507,0.740112,0.002932,0.966025,0.041626,0.130454,1.319847,2.400395,3.750259,9.879235,4.0,0.00029324,6,579,0.19298,0.21001,0.84,0.66667,1.0,,,-0.01,0.00911,-0.00111,-0.01907,0.0048,0.19492
79,80896,-2.79264,293.33333,0.0,0.04,0.811734,-0.002938,0.021438,0.003498,0.585558,0.042908,0.816057,3.542913,3.352457,2.946618,3.046129,4.0,0.00029315,3,613,0.18121,0.19468,0.83,1.0,0.0,,,-0.01,0.01276,-0.0011,-0.01088,-0.00431,-0.003
80,81920,-1.83415,300.0,0.0,0.04,0.676096,-0.0035,0.011644,0.002588,0.45669,0.038208,0.814408,2.315162,2.814438,2.100961,2.612238,4.0,0.00029307,3,663,0.15525,0.16849,0.83,1.0,0.0,,,-0.01,0.01068,-0.00091,-0.01325,0.00155,0.0
81,82944,-3.05678,300.0,0.0,0.04,0.870489,-0.002366,0.0113,0.002311,0.396779,0.025269,0.623869,2.487119,2.310622,2.154447,1.938869,4.0,0.00029298,4,637,0.16578,0.1757,0.83,1.0,1.0,,,-0.01,0.01101,-0.00054,-0.0086,-0.00197,0.0
82,83968,-1.75975,300.0,0.0,0.04,0.673722,-0.004266,0.004015,0.003877,0.37563,0.066528,0.781385,1.577801,1.589593,1.443286,1.449626,4.0,0.00029289,3,665,0.12425,0.13349,0.83,1.0,0.0,,,-0.01,0.0097,-0.00071,-0.00631,-0.00055,0.0
83,84992,-1.6903,290.75,0.0,0.04,0.823235,-0.003021,0.009808,0.003175,0.38126,0.044556,0.647197,1.734738,1.797261,1.349932,1.755466,4.0,0.0002928,4,572,0.14363,0.15306,0.82,1.0,1.0,,,-0.01,0.01044,-0.00066,-0.02018,-0.00029,-0.0029
84,86016,-2.59437,268.33333,0.0,0.04,0.912535,-0.003591,0.005032,0.003587,0.324551,0.046021,0.768952,1.412018,1.564017,1.157956,1.546985,4.0,0.00029271,3,617,0.21755,0.22408,0.81,1.0,0.0,,,-0.01,0.00837,-0.00142,-0.01318,0.00098,-0.0029
85,87040,-4.52055,300.0,0.0,0.04,0.992801,-0.002122,0.003827,0.002183,0.293945,0.017273,0.756776,1.417727,1.3932,1.242603,1.318838,4.0,0.00029263,4,541,0.19671,0.19671,0.81,1.0,0.0,,,-0.01,0.01027,-0.00091,-0.01151,-0.00032,0.0
86,88064,-3.2723,300.0,0.0,0.04,0.936455,-0.003394,0.003665,0.002721,0.284051,0.031616,0.753383,1.344111,1.275076,1.162043,1.309546,4.0,0.00029254,3,572,0.17499,0.18155,0.81,1.0,0.0,,,-0.01,0.01076,-0.00098,-0.01234,-0.00046,0.0
87,89088,-1.99993,300.0,0.0,0.04,0.879895,-0.004381,0.003096,0.004413,0.370353,0.061584,0.814061,1.216865,1.319355,1.002311,1.377445,4.0,0.00029245,4,558,0.18188,0.16034,0.81,0.75,0.0,,,-0.01,0.01032,-0.00082,-0.01503,-0.00029,0.0
88,90112,-3.47279,249.5,0.0,0.04,0.832133,-0.003193,0.004698,0.003951,0.392461,0.055725,0.705282,1.098557,1.127485,0.8816,1.295079,4.0,0.00029236,4,581,0.17222,0.16885,0.8,1.0,0.0,,,-0.01,0.01044,-0.00062,-0.01849,7e-05,-0.003
89,91136,-2.86829,300.0,0.0,0.03,0.913747,-0.004245,0.002758,0.004834,0.398278,0.075745,0.816409,1.016053,1.211425,0.877229,1.267439,4.0,0.00029228,3,529,0.18602,0.18528,0.83,1.0,1.0,,,-0.01,0.00893,-0.00029,-0.01131,-0.00122,0.0
90,92160,-3.64058,300.0,0.0,0.03,0.909521,-0.002701,0.002836,0.004018,0.362301,0.054138,0.866083,0.924953,1.371237,0.785855,1.514362,4.0,0.00029219,4,560,0.15011,0.1571,0.83,0.5,0.0,,,-0.01,0.00886,-0.00056,-0.01636,0.00149,0.0
91,93184,-2.35644,300.0,0.0,0.03,0.879274,-0.00276,0.004222,0.002175,0.356833,0.018433,0.795936,0.826517,1.421747,0.692296,1.575505,4.0,0.0002921,3,576,0.19576,0.19656,0.84,1.0,0.0,,,-0.01,0.00884,-0.00125,-0.01607,-0.00316,0.0
92,94208,-4.85607,300.0,0.0,0.03,0.739707,-0.003935,0.002234,0.002558,0.321995,0.037048,0.820056,0.983756,1.179876,0.970333,1.142413,4.0,0.00029201,3,583,0.1363,0.14557,0.84,0.66667,0.0,,,-0.01,0.00937,-5e-05,-0.00977,-0.00313,0.0
93,95232,-2.10893,300.0,0.0,0.03,0.761627,-0.003437,0.00206,0.002493,0.325346,0.027649,0.842472,0.797085,1.182895,0.784598,1.171555,4.0,0.00029193,4,581,0.09794,0.10825,0.84,1.0,0.0,,,-0.01,0.01041,7e-05,-0.00918,-0.0014,0.0
94,96256,-1.74788,300.0,0.0,0.03,0.730214,-0.004457,0.001876,0.002643,0.357231,0.030762,0.845711,0.829242,1.105418,0.851242,1.112402,4.0,0.00029184,3,619,0.08173,0.09018,0.85,1.0,0.0,,,-0.01,0.00895,0.00045,-0.0058,0.00136,0.0
95,97280,9.63426,237.16667,0.16667,0.04,0.908042,-0.002787,0.328497,0.00496,0.365513,0.083679,0.050837,0.557469,1.270157,1.000789,5.803394,4.0,0.00029175,6,552,0.09538,0.10395,0.84,1.0,0.0,,,-0.01,0.00892,4e-05,-0.01021,-0.0038,0.1006
96,98304,-1.85259,249.5,0.0,0.04,0.81611,-0.00638,0.007486,0.005895,0.405325,0.088135,0.771514,1.060241,1.716878,1.009818,1.748718,4.0,0.00029166,2,532,0.08857,0.09259,0.84,1.0,0.0,,,-0.01,0.00962,0.00074,-0.00911,-0.00175,-0.00322
97,99328,-2.18832,265.2,0.0,0.04,0.863388,-0.005401,0.004512,0.005605,0.381805,0.075867,0.837085,0.900573,1.690756,0.92115,1.701958,4.0,0.00029157,5,526,0.12165,0.10603,0.84,0.8,0.0,,,-0.01,0.00888,0.00028,-0.01169,0.00125,-0.00298
98,100352,-0.95883,300.0,0.0,0.03,1.002972,-0.004727,0.006776,0.00368,0.348772,0.046326,0.821597,1.102325,1.766408,1.054432,2.115942,4.0,0.00029149,2,566,0.19074,0.1845,0.85,0.5,0.0,,,-0.01,0.00774,-0.00053,-0.01708,0.00149,0.0
99,101376,-2.70572,300.0,0.0,0.03,0.974927,-0.002535,0.004631,0.002535,0.308684,0.025024,0.901893,1.531817,2.117865,1.511452,2.283033,4.0,0.0002914,4,533,0.17908,0.17908,0.86,0.75,0.0,,,-0.01,0.01026,-0.00025,-0.01222,-0.00179,0.0
100,102400,10.81759,257.4,0.2,0.04,0.934794,-0.002691,0.480154,0.004009,0.597428,0.071167,0.081102,1.572434,2.026253,2.981664,7.079567,4.0,0.00029131,5,579,0.17432,0.17575,0.85,0.6,0.0,,,-0.01,0.01146,-1e-05,-0.00913,-0.00102,0.10222
101,103424,-2.07098,300.0,0.0,0.04,0.809446,-0.005857,0.008248,0.00394,0.552467,0.059998,0.89824,2.754093,2.152211,2.751437,2.058469,4.0,0.00029122,4,584,0.16998,0.17122,0.86,1.0,0.0,,,-0.01,0.01054,-0.0013,-0.00647,-0.00054,0.0
102,104448,-1.81947,300.0,0.0,0.04,1.001746,-0.003126,0.009043,0.002212,0.395059,0.021362,0.892646,2.678616,2.752289,2.575803,2.934927,4.0,0.00029114,3,489,0.21279,0.21558,0.86,1.0,0.0,,,-0.01,0.01074,-0.00151,-0.01607,-0.00037,0.0
103,105472,-2.56747,300.0,0.0,0.04,1.210407,-0.007349,0.008548,0.003828,0.424802,0.055786,0.952332,2.223928,4.0524,1.85427,4.542347,4.0,0.00029105,2,529,0.2727,0.27209,0.86,1.0,0.0,,,-0.01,0.0075,-0.00256,-0.02009,0.00139,0.0
104,106496,7.36902,289.0,0.2,0.05,1.320746,-0.002314,0.360483,0.004489,0.63503,0.057983,0.403576,1.382465,4.73087,2.391346,7.864547,4.0,0.00029096,5,480,0.28855,0.29069,0.87,0.4,1.0,,,-0.01,0.0082,-0.00233,-0.01875,0.00196,0.06795
105,107520,18.19209,252.33333,0.33333,0.06,1.241864,-0.002574,0.390092,0.004027,0.740233,0.042603,0.29698,2.736172,3.830615,3.990266,7.489896,4.0,0.00029087,3,509,0.23119,0.22518,0.86,0.66667,1.0,,,-0.01,0.00728,-0.00117,-0.01096,0.00086,0.07754
106,108544,-4.43075,300.0,0.0,0.04,0.975541,-0.006918,0.027035,0.003146,0.465767,0.040649,0.844164,5.86022,4.547654,6.260222,4.283714,4.0,0.00029078,4,531,0.16821,0.17573,0.89,0.25,0.0,,,-0.01,0.00913,-0.00043,-0.01137,0.00482,0.0
107,109568,15.76141,256.25,0.25,0.05,0.988653,-0.00294,0.411157,0.004074,0.585065,0.0578,0.099639,7.525613,3.939268,8.732057,6.798696,4.0,0.0002907,4,568,0.1628,0.16174,0.89,0.75,0.0,,,-0.01,0.00804,-0.00084,-0.01217,0.00093,0.09754
108,110592,-2.70069,300.0,0.0,0.05,1.114989,-0.004466,0.013114,0.00524,0.52641,0.073303,0.779194,8.592711,2.770959,8.658077,2.420578,4.0,0.00029061,3,548,0.17707,0.1853,0.89,0.66667,1.0,,,-0.01,0.00674,-0.00135,-0.01224,0.00038,0.0
109,111616,-2.86743,300.0,0.0,0.05,0.954992,-0.005547,0.007167,0.003616,0.411233,0.050659,0.796262,8.887121,2.305992,8.927157,2.004715,4.0,0.00029052,4,524,0.14701,0.15453,0.89,0.75,0.0,,,-0.01,0.00869,-0.00038,-0.01441,0.00074,0.0
110,112640,23.91143,239.0,0.4,0.07,0.815142,-0.001798,0.602558,0.002087,0.949117,0.023804,0.085759,8.86602,2.12392,11.128525,8.241926,4.0,0.00029043,5,562,0.11053,0.12055,0.88,0.8,0.0,,,-0.01,0.00975,0.00091,-0.01283,0.00141,0.20245
111,113664,31.9205,206.5,0.5,0.09,0.933823,-0.001972,0.537869,0.002433,0.759567,0.018372,0.135184,12.016418,2.608491,13.759817,8.130787,4.0,0.00029035,4,516,0.14797,0.15676,0.86,0.75,1.0,,,-0.01,0.00979,-0.0002,-0.00943,0.00253,0.18095
112,114688,-1.34869,300.0,0.0,0.09,0.878594,-0.004662,0.012797,0.00327,0.441364,0.039368,0.845528,15.214125,3.063678,15.132261,2.848486,4.0,0.00029026,3,589,0.11365,0.1203,0.86,0.66667,1.0,,,-0.01,0.01061,7e-05,-0.01079,0.00166,0.0
113,115712,10.66961,295.0,0.2,0.1,0.99002,-0.002792,0.169326,0.002865,0.405777,0.032288,0.369554,15.004292,3.366438,15.871904,5.624169,4.0,0.00029017,5,518,0.12278,0.12568,0.85,0.8,1.0,,,-0.01,0.00961,-0.00024,-0.00928,-0.0006,0.07973
114,116736,30.65576,252.0,0.5,0.11,0.739276,-0.002875,0.161219,0.003328,0.417418,0.045166,0.333105,15.173139,2.504355,15.802467,5.635303,4.0,0.00029008,2,610,0.08873,0.1003,0.84,1.0,0.0,,,-0.01,0.00926,0.00033,-0.01461,4e-05,0.11213
115,117760,-2.16807,300.0,0.0,0.11,0.815337,-0.001151,0.015589,0.001824,0.444376,0.010437,0.730268,15.754885,2.729736,15.583191,2.492198,4.0,0.00028999,5,556,0.08724,0.09771,0.85,0.8,0.0,,,-0.01,0.0084,-7e-05,-0.01395,0.00111,0.0
116,118784,28.99267,282.5,0.5,0.12,1.032878,-0.003198,0.157779,0.002793,0.358634,0.040649,0.340916,15.655117,3.373771,16.575146,5.624817,4.0,0.00028991,2,557,0.10272,0.10846,0.84,1.0,0.0,,,-0.01,0.00906,0.0001,-0.0109,0.00311,0.07535
117,119808,-3.63427,300.0,0.0,0.12,1.120638,-0.005035,0.014488,0.003204,0.422672,0.036499,0.871602,17.643343,3.958117,17.531475,3.817173,4.0,0.00028982,3,630,0.13537,0.13267,0.84,0.66667,0.0,,,-0.01,0.00764,-0.00051,-0.00882,0.0022,0.0
118,120832,-2.24913,300.0,0.0,0.12,1.021056,-0.004616,0.010479,0.004138,0.483496,0.069885,0.810102,16.199209,3.0232,16.009674,2.810069,4.0,0.00028973,5,524,0.1147,0.12721,0.84,0.6,1.0,,,-0.01,0.00915,0.00019,-0.01452,-0.00107,0.0
119,121856,-4.37458,300.0,0.0,0.12,0.799628,-0.003846,0.007403,0.00318,0.352358,0.038635,0.785941,16.291218,2.304899,16.250759,2.189383,4.0,0.00028964,2,652,0.08277,0.07647,0.84,0.5,0.0,,,-0.01,0.00889,0.0002,-0.00257,0.00083,0.0
120,122880,38.28731,239.2,0.6,0.15,0.855809,-0.004084,0.410455,0.005115,0.650707,0.090393,0.157155,16.335125,2.494574,18.489609,8.438308,4.0,0.00028956,5,548,0.09122,0.08986,0.81,0.8,0.0,,,-0.01,0.00965,0.00053,-0.00792,-0.00056,0.26721
121,123904,-1.25394,300.0,0.0,0.15,0.880569,-0.00315,0.012046,0.00213,0.400118,0.028625,0.862232,18.669802,3.241468,18.53281,3.316322,4.0,0.00028947,3,576,0.10177,0.09769,0.81,1.0,0.0,,,-0.01,0.00752,2e-05,-0.01066,5e-05,0.0
122,124928,18.78968,277.5,0.33333,0.16,0.949649,-0.00319,0.19658,0.004138,0.460355,0.056335,0.44045,19.37191,4.080736,20.996239,7.514008,4.0,0.00028938,6,548,0.10395,0.10456,0.81,0.83333,0.0,,,-0.01,0.00883,-0.00016,-0.01057,0.00435,0.15556
123,125952,-2.03506,300.0,0.0,0.16,0.994899,-0.003816,0.017854,0.002978,0.444924,0.036438,0.646881,21.814674,3.20517,21.657131,2.73821,4.0,0.00028929,1,577,0.12191,0.12964,0.81,0.0,0.0,,,-0.01,0.00927,-6e-05,-0.00956,-0.00223,0.0
124,126976,10.6701,294.4,0.2,0.17,0.791607,-0.001672,0.078768,0.003786,0.324133,0.056824,0.522313,22.593092,3.832787,23.322683,5.340394,4.0,0.0002892,5,577,0.08612,0.08687,0.82,1.0,0.0,,,-0.01,0.0089,0.00042,-0.00358,0.0022,0.09408
125,128000,18.67378,296.66667,0.33333,0.18,0.95843,-0.002536,0.054427,0.00284,0.292905,0.038086,0.485617,22.057858,3.428844,22.437508,4.338375,4.0,0.00028912,3,505,0.08862,0.09883,0.81,1.0,0.0,,,-0.01,0.00786,0.00042,-0.01677,0.00135,0.07342
126,129024,-2.49701,300.0,0.0,0.18,0.838252,-0.00346,0.010241,0.003014,0.481989,0.038269,0.749739,25.060528,3.052335,25.007435,2.71015,4.0,0.00028903,1,622,0.06853,0.06605,0.81,0.0,0.0,,,-0.01,0.00728,0.00041,-0.00458,0.00412,0.0
127,130048,7.93454,268.57143,0.14286,0.19,0.894202,-0.001689,0.15029,0.003029,0.406333,0.039124,0.278825,22.54026,3.735185,22.758701,6.411564,4.0,0.00028894,7,535,0.07151,0.08117,0.79,0.71429,0.0,,,-0.01,0.00884,0.00012,-0.01387,0.00097,0.08334
128,131072,64.65753,201.5,1.0,0.22,0.725193,-0.00192,0.256146,0.002271,0.667674,0.027527,0.300159,22.967102,3.128227,25.454323,8.698095,4.0,0.00028885,4,541,0.05509,0.06231,0.76,0.25,0.0,,,-0.01,0.01101,0.00066,-0.00923,0.00228,0.39787
129,132096,23.67731,268.8,0.4,0.24,0.579143,-0.00359,0.118643,0.002478,0.465122,0.030334,0.474883,24.717228,4.250454,26.056181,7.000946,4.0,0.00028877,5,557,0.03936,0.05318,0.74,1.0,0.0,,,-0.01,0.01022,0.00096,-0.01183,0.00182,0.21608
130,133120,32.52524,248.0,0.5,0.25,0.691093,-0.00163,0.069767,0.002717,0.304137,0.038269,0.647679,28.533487,5.843634,29.238712,6.650041,4.0,0.00028868,2,560,0.05054,0.05415,0.73,1.0,0.0,,,-0.01,0.00882,0.001,-0.01006,0.00285,0.10558
131,134144,19.7624,275.16667,0.33333,0.26,0.693979,-0.003403,0.087171,0.004399,0.326648,0.071106,0.64359,29.668617,6.058952,30.776751,7.592774,4.0,0.00028859,6,504,0.05748,0.06563,0.72,1.0,0.0,,,-0.01,0.01099,0.00146,-0.00822,-0.00014,0.19984
132,135168,33.28704,155.66667,0.5,0.28,0.765762,-0.001184,0.183576,0.001163,0.317243,0.011414,0.46088,30.017445,5.360074,31.664223,9.293941,4.0,0.0002885,6,544,0.07585,0.08511,0.68,1.0,0.0,,,-0.01,0.01146,0.00072,-0.00591,0.00055,0.28939
133,136192,32.48535,256.0,0.5,0.29,0.703324,-0.002167,0.099024,0.002095,0.297231,0.0271,0.440839,31.158886,5.910891,32.046768,6.943249,4.0,0.00028841,4,529,0.07228,0.07499,0.67,1.0,0.0,,,-0.01,0.01134,0.00094,-0.00986,-0.00075,0.20101
134,137216,43.04141,232.0,0.66667,0.31,0.622828,-0.002309,0.076282,0.00225,0.277843,0.027954,0.553917,31.223537,5.108805,32.425278,6.835007,4.0,0.00028833,3,588,0.04232,0.05105,0.65,1.0,0.0,,,-0.01,0.01371,0.00134,-0.00885,-0.00068,0.22932
135,138240,11.75665,248.0,0.2,0.31,0.751622,-0.001426,0.084882,0.002019,0.380376,0.023132,0.454918,32.859711,4.81608,32.741058,6.600901,4.0,0.00028824,5,482,0.09042,0.09465,0.64,1.0,0.0,,,-0.01,0.01184,2e-05,-0.00562,0.00202,0.10196
136,139264,16.088,230.25,0.25,0.31,0.811735,-0.003751,0.068816,0.004102,0.461974,0.06134,0.632771,32.163906,5.538027,31.683809,7.369706,4.0,0.00028815,4,508,0.08108,0.08619,0.63,0.75,0.0,,,-0.01,0.00992,0.00145,-0.00946,-0.0027,0.09825
137,140288,15.24891,203.0,0.25,0.3,0.741173,-0.001988,0.071097,0.001685,0.388491,0.021545,0.524401,31.958349,4.769631,31.782341,6.928843,4.0,0.00028806,4,542,0.09279,0.0904,0.64,1.0,0.0,,,-0.01,0.01012,0.00055,-0.01069,-0.00129,0.10522
138,141312,-2.11196,278.25,0.0,0.3,0.874554,-0.002064,0.04842,0.003075,0.452759,0.037903,0.684306,33.42173,6.232052,32.974022,6.952025,4.0,0.00028798,4,526,0.09688,0.1016,0.63,1.0,1.0,,,-0.01,0.00965,0.0004,-0.00915,0.00163,-0.0029
139,142336,-1.80354,300.0,0.0,0.29,0.963167,-0.002963,0.017918,0.005221,0.476389,0.077759,0.77901,34.28376,5.71461,34.048477,5.194208,4.0,0.00028789,3,495,0.11741,0.12106,0.64,0.66667,0.0,,,-0.01,0.01101,0.00077,-0.00887,3e-05,0.0
140,143360,24.37462,244.4,0.4,0.3,1.020532,-0.00168,0.082947,0.002912,0.316764,0.038757,0.367275,33.768436,4.889875,34.215004,6.777946,4.0,0.0002878,5,530,0.14203,0.1457,0.62,0.4,0.0,,,-0.01,0.00993,-2e-05,-0.00675,0.00171,0.15843
141,144384,20.65543,245.33333,0.33333,0.31,0.875709,-0.001895,0.071861,0.002336,0.437661,0.030396,0.460386,33.765907,4.748036,33.315327,6.690232,4.0,0.00028771,3,522,0.1055,0.1183,0.6,0.66667,0.0,,,-0.01,0.01279,0.00091,-0.00425,-0.00396,0.08917
142,145408,21.414,243.0,0.33333,0.32,0.799967,-0.001633,0.065819,0.002111,0.397312,0.026733,0.456156,31.96372,4.026565,32.652649,6.725273,4.0,0.00028762,6,518,0.1126,0.123,0.58,0.83333,0.0,,,-0.01,0.01114,0.00137,-0.00457,0.0013,0.19755
143,146432,23.325,239.0,0.33333,0.33,0.747045,-0.003378,0.03198,0.003728,0.366629,0.052368,0.688078,33.646412,5.134838,33.931503,6.125026,4.0,0.00028754,3,595,0.10349,0.1112,0.57,1.0,0.0,,,-0.01,0.01155,0.00106,-0.00266,0.00063,0.11323
144,147456,12.59452,246.0,0.2,0.32,0.708713,-0.002436,0.040956,0.002357,0.440697,0.03009,0.657804,33.684395,5.002241,32.688999,6.734155,4.0,0.00028745,5,533,0.10697,0.12277,0.57,1.0,0.0,,,-0.01,0.01073,-0.00019,-0.0093,-0.00073,0.10267
145,148480,26.00796,223.0,0.4,0.33,0.836477,-0.002452,0.065663,0.001723,0.310087,0.01416,0.658413,33.653526,6.034107,33.688087,9.039689,4.0,0.00028736,5,543,0.13643,0.15058,0.55,0.6,0.0,,,-0.01,0.01164,0.00052,-0.01166,0.00207,0.19463
146,149504,32.89217,220.5,0.5,0.34,0.944653,-0.003702,0.061659,0.003993,0.431487,0.064453,0.659177,33.860474,7.635331,35.092674,8.775671,4.0,0.00028727,4,515,0.17779,0.19167,0.54,1.0,0.0,,,-0.01,0.01,-0.00063,-0.00952,0.00354,0.18123
147,150528,33.06291,194.5,0.5,0.35,0.85329,-0.002413,0.085778,0.003721,0.277373,0.054565,0.589684,36.23111,6.387266,37.250931,9.473132,4.0,0.00028719,6,544,0.14538,0.16166,0.52,0.83333,0.0,,,-0.01,0.01071,-0.00029,-0.00794,0.00041,0.28879
148,151552,11.43212,216.6,0.2,0.35,0.82262,-0.001478,0.099899,0.002495,0.521018,0.025696,0.371273,36.250019,5.824449,35.168221,8.177746,4.0,0.0002871,5,562,0.14799,0.15769,0.5,1.0,0.0,,,-0.01,0.01131,0.00011,-0.008,-0.00106,0.09116
149,152576,63.7059,244.33333,1.0,0.38,0.779585,-0.002429,0.051123,0.002106,0.336465,0.026733,0.57612,35.91819,6.198032,37.121376,7.387302,4.0,0.00028701,3,532,0.1535,0.1681,0.47,1.0,0.0,,,-0.01,0.01397,0.00043,-0.00371,0.00075,0.28476
150,153600,22.17469,197.33333,0.33333,0.38,0.787782,-0.002081,0.060375,0.002839,0.351112,0.042297,0.453845,36.814377,4.843646,36.481026,7.103059,4.0,0.00028692,6,626,0.14296,0.15488,0.47,0.83333,0.0,,,-0.01,0.0097,-0.00055,-0.01032,0.00166,0.20424
151,154624,11.80102,242.8,0.2,0.35,0.931234,-0.002071,0.050458,0.00278,0.36421,0.025085,0.617314,37.552383,6.065665,37.048985,7.860089,4.0,0.00028683,5,547,0.16092,0.178,0.49,0.8,0.0,,,-0.01,0.01071,-0.00078,-0.01007,-0.00072,0.09101
152,155648,18.78841,284.33333,0.33333,0.35,0.931552,-0.00512,0.020472,0.006498,0.378695,0.108765,0.791182,36.856026,6.33562,37.227638,6.788356,4.0,0.00028675,3,590,0.16683,0.17906,0.49,0.66667,0.0,,,-0.01,0.01011,-0.00108,-0.01017,0.0036,0.08318
153,156672,-1.32171,300.0,0.0,0.34,0.939635,-0.004075,0.006978,0.00496,0.390059,0.072632,0.936843,38.951565,7.023179,38.542862,6.906854,4.0,0.00028666,3,580,0.16731,0.17888,0.5,1.0,0.0,,,-0.01,0.00926,-0.00094,-0.00828,-0.00058,0.0
154,157696,14.62638,253.25,0.25,0.33,0.841231,-0.001665,0.051036,0.003106,0.373019,0.045776,0.51471,37.047684,5.133936,36.227707,7.139953,4.0,0.00028657,4,487,0.15368,0.17166,0.5,0.75,0.0,,,-0.01,0.01266,-0.00087,-0.00731,-0.00518,0.09397
155,158720,-3.10604,300.0,0.0,0.33,0.638546,-0.002446,0.007641,0.001643,0.345407,0.017944,0.795059,35.313736,4.468582,34.827934,4.234924,4.0,0.00028648,2,635,0.08751,0.09538,0.51,1.0,0.0,,,-0.01,0.0127,-0.00024,-0.00447,2e-05,0.0
156,159744,9.31896,274.14286,0.14286,0.3,0.651543,-0.00538,0.015221,0.006453,0.333807,0.080811,0.661955,35.778252,3.893215,35.487999,4.833894,4.0,0.0002864,7,536,0.10302,0.11767,0.55,0.85714,1.0,,,-0.01,0.01072,-0.00033,-0.00701,0.00062,0.12756
157,160768,-3.02737,196.0,0.0,0.28,1.080851,-0.000964,0.068774,0.00219,0.510849,0.020203,0.48725,37.941303,4.522058,35.626617,8.285703,4.0,0.00028631,4,516,0.19969,0.21164,0.54,1.0,0.0,,,-0.01,0.01088,-0.00071,-0.0117,0.00109,-0.00735
158,161792,-0.91994,300.0,0.0,0.27,0.919028,-0.00504,0.013543,0.004529,0.421422,0.083374,0.846186,35.75106,6.470068,34.976215,6.382977,4.0,0.00028622,2,542,0.16142,0.1724,0.55,1.0,0.0,,,-0.01,0.01197,-0.00117,-0.00748,-0.00081,0.0
159,162816,7.73314,241.5,0.16667,0.26,0.89719,-0.000991,0.049622,0.002104,0.432519,0.017273,0.688468,34.743797,6.661143,33.355701,9.054766,4.0,0.00028613,6,530,0.19235,0.2082,0.55,0.83333,1.0,,,-0.01,0.01161,-0.00067,-0.01065,-0.00196,0.07901
160,163840,-1.50101,300.0,0.0,0.26,0.911575,-0.005444,0.015982,0.004595,0.326643,0.070923,0.844207,34.534851,7.734123,34.187183,7.490532,4.0,0.00028604,2,564,0.17741,0.18726,0.56,1.0,0.0,,,-0.01,0.0097,-0.00139,-0.00607,0.00049,0.0
161,164864,-1.70252,300.0,0.0,0.25,0.869643,-0.004061,0.012263,0.0035,0.367187,0.045959,0.873996,35.159378,7.876941,34.234879,7.475258,4.0,0.00028596,6,541,0.15502,0.17097,0.58,1.0,0.5,,,-0.01,0.01006,-0.00047,-0.00845,0.00093,0.0
162,165888,43.09179,218.66667,0.66667,0.27,1.070477,-0.002935,0.035438,0.003757,0.286851,0.052307,0.645487,34.406418,5.787437,34.804153,7.533433,4.0,0.00028587,3,537,0.21651,0.23133,0.57,1.0,0.6,,,-0.01,0.01225,-0.00032,-0.01428,0.0015,0.16817
163,166912,-2.71511,225.5,0.0,0.27,1.046091,-0.002377,0.017549,0.002238,0.334191,0.025818,0.801798,37.642937,6.133624,36.673714,6.664863,4.0,0.00028578,2,560,0.22566,0.23574,0.56,1.0,0.0,,,-0.01,0.00747,-0.00127,-0.01168,-0.00096,-0.00278
164,167936,7.0193,276.0,0.16667,0.26,1.090862,-0.003066,0.02724,0.003399,0.314697,0.048218,0.72172,36.430424,6.089606,35.617207,7.40984,4.0,0.00028569,6,479,0.20056,0.21724,0.58,1.0,0.78947,,,-0.01,0.00968,-0.00028,-0.01347,0.00066,0.07441
165,168960,-3.75216,300.0,0.0,0.26,1.177023,-0.004718,0.010371,0.004735,0.389196,0.069092,0.76592,37.619133,4.98017,36.781521,4.848168,4.0,0.00028561,1,534,0.21291,0.22693,0.58,0.0,0.25,,,-0.01,0.00815,0.00075,-0.01364,-0.0017,0.0
166,169984,-3.52525,278.16667,0.0,0.23,1.054809,-0.001613,0.020232,0.003304,0.300144,0.034729,0.731222,35.831421,5.283636,34.968395,6.539035,4.0,0.00028552,6,582,0.20217,0.20316,0.61,0.66667,0.46667,,,-0.01,0.00898,-0.00012,-0.01023,0.00399,-0.00263
167,171008,32.79878,225.25,0.5,0.24,1.27008,-0.002283,0.048837,0.002974,0.266306,0.02417,0.424979,34.386284,5.391743,34.716072,7.217882,4.0,0.00028543,4,492,0.26099,0.27738,0.6,0.75,0.54545,,,-0.01,0.00831,-0.00111,-0.0183,-0.00099,0.15654
168,172032,10.75751,299.5,0.25,0.24,1.069346,-0.003423,0.015852,0.003722,0.263326,0.049072,0.836818,33.5639,6.994834,33.268074,7.626979,4.0,0.00028534,4,530,0.25651,0.25821,0.61,0.75,0.57895,,,-0.01,0.00739,-0.00011,-0.01582,0.0,0.08217
169,173056,14.67469,292.0,0.33333,0.24,1.209101,-0.004057,0.012939,0.002884,0.264561,0.033813,0.836114,32.779991,6.00369,32.796776,6.795387,4.0,0.00028525,3,546,0.25114,0.2633,0.61,0.66667,0.64286,,,-0.01,0.00709,-0.00172,-0.01547,0.00152,0.07516
170,174080,-1.51171,300.0,0.0,0.24,1.098255,-0.002403,0.012631,0.001564,0.243679,0.013794,0.744717,35.176411,6.017823,35.162914,5.639928,4.0,0.00028517,1,527,0.2081,0.23373,0.61,1.0,0.5,,,-0.01,0.01141,-0.00076,-0.01377,0.00194,0.0
171,175104,16.09104,268.57143,0.28571,0.23,1.20771,-0.004631,0.0231,0.003926,0.254006,0.054321,0.727312,33.548344,5.805634,33.87875,7.229619,4.0,0.00028508,7,481,0.22611,0.23937,0.63,0.85714,0.60714,,,-0.01,0.00971,-0.00103,-0.01439,0.00276,0.15942
172,176128,48.24147,181.25,0.75,0.23,0.91428,-0.002577,0.059716,0.001825,0.250347,0.023804,0.533761,33.549263,6.167731,33.517113,8.831717,4.0,0.00028499,4,517,0.20139,0.21332,0.63,0.75,0.41667,,,-0.01,0.01326,0.00052,-0.01588,-0.00193,0.30574
173,177152,22.46164,251.6,0.4,0.24,0.895996,-0.0013,0.044438,0.001386,0.206367,0.013428,0.569701,33.069695,6.136239,32.888836,7.991783,4.0,0.0002849,5,517,0.19022,0.19953,0.62,1.0,0.68966,,,-0.01,0.01498,0.00015,-0.01367,-0.00072,0.1948
174,178176,14.14242,251.75,0.25,0.22,0.890815,-0.002682,0.037414,0.003211,0.208732,0.043579,0.699695,35.892502,7.343645,35.799191,8.631655,4.0,0.00028482,4,555,0.15027,0.17018,0.64,1.0,0.5,,,-0.01,0.01234,0.00059,-0.01073,0.0,0.09883
175,179200,37.74616,226.0,0.6,0.23,0.983059,-0.002911,0.057789,0.00297,0.209625,0.032898,0.64592,34.688004,7.466207,35.074234,9.978084,4.0,0.00028473,5,560,0.21125,0.22437,0.63,1.0,0.41667,,,-0.01,0.01186,0.00104,-0.01384,0.00207,0.26828
176,180224,20.68298,218.33333,0.33333,0.24,1.063383,-0.001603,0.030247,0.002134,0.253739,0.017578,0.769664,34.777626,7.543354,34.711926,9.057817,4.0,0.00028464,3,509,0.22823,0.21769,0.61,1.0,0.85714,,,-0.01,0.01005,-0.00014,-0.01471,0.00129,0.08898
177,181248,-3.60189,300.0,0.0,0.22,1.099148,-0.004478,0.009445,0.003415,0.28987,0.039856,0.904711,36.256851,8.187957,36.095551,7.847691,4.0,0.00028455,4,514,0.21238,0.21987,0.64,0.5,0.22222,,,-0.01,0.01003,0.00052,-0.01008,0.00147,0.0
178,182272,26.29323,237.4,0.4,0.24,1.066096,-0.00228,0.038121,0.001914,0.3006,0.015686,0.63666,36.304703,6.963032,37.353531,8.050274,4.0,0.00028446,5,512,0.24597,0.2611,0.62,0.4,0.35294,,,-0.01,0.01144,0.00127,-0.01648,0.00321,0.18001
179,183296,41.40544,242.0,0.66667,0.25,0.95601,-0.003256,0.02373,0.002754,0.269731,0.036438,0.817356,38.591942,8.293344,38.848091,9.255657,4.0,0.00028438,3,564,0.25018,0.26056,0.61,1.0,0.33333,,,-0.01,0.01134,0.00152,-0.01251,0.00127,0.18597
180,184320,11.73457,278.0,0.2,0.25,0.982795,-0.003073,0.016769,0.002649,0.227755,0.032166,0.812238,36.098198,7.367416,36.769974,7.690747,4.0,0.00028429,5,547,0.28366,0.29086,0.62,0.8,0.27778,,,-0.01,0.00867,0.00293,-0.01319,0.00445,0.09518
181,185344,-0.42797,300.0,0.0,0.25,1.000577,-0.003301,0.00861,0.003827,0.366995,0.053467,0.828539,37.850113,6.089266,37.394295,5.823901,4.0,0.0002842,1,549,0.29192,0.30253,0.62,1.0,1.0,,,-0.01,0.00968,0.00128,-0.01401,-0.00147,0.0
182,186368,18.46761,257.83333,0.33333,0.27,0.933889,-0.001348,0.035821,0.001964,0.249121,0.019958,0.497059,36.542458,5.222123,36.087292,6.797375,4.0,0.00028411,6,574,0.23647,0.2412,0.6,0.66667,0.3913,,,-0.01,0.01235,0.00055,-0.01185,-0.00025,0.17057
183,187392,32.0063,207.5,0.5,0.29,0.904057,-0.002003,0.043773,0.002317,0.253968,0.034485,0.602111,38.19175,5.999678,38.200661,8.382542,4.0,0.00028403,4,512,0.21642,0.23299,0.59,1.0,0.42857,,,-0.01,0.01157,0.00429,-0.01228,0.002,0.19309
184,188416,12.14983,250.4,0.2,0.3,0.93296,-0.002108,0.031424,0.002791,0.239545,0.044739,0.732482,36.584435,6.972769,36.395309,8.764946,4.0,0.00028394,5,582,0.22127,0.22485,0.59,0.8,0.23077,,,-0.01,0.01107,-0.00066,-0.01328,0.00039,0.09338
185,189440,43.00981,230.0,0.66667,0.31,1.084762,-0.003252,0.021816,0.002818,0.261835,0.0354,0.781133,39.167507,7.464755,39.602345,8.100491,4.0,0.00028385,3,616,0.24925,0.27668,0.58,1.0,0.41667,,,-0.01,0.00958,0.00716,-0.01362,0.00251,0.17625
186,190464,10.42102,284.2,0.2,0.32,1.179053,-0.002359,0.034363,0.003234,0.312179,0.045166,0.592851,38.203289,5.849935,37.212715,7.489139,4.0,0.00028376,5,552,0.31052,0.32587,0.56,0.8,0.36957,,,-0.01,0.01026,0.00411,-0.01753,-0.00011,0.07616
187,191488,39.23228,257.66667,0.66667,0.33,1.112477,-0.00361,0.024977,0.003832,0.244515,0.045532,0.447565,38.715027,5.269732,39.204506,5.901412,4.0,0.00028367,3,562,0.29755,0.32398,0.55,0.66667,0.425,,,-0.01,0.00978,0.00523,-0.01567,0.00021,0.16646
188,192512,13.63045,272.5,0.25,0.33,1.116064,-0.001472,0.031861,0.002518,0.268891,0.029846,0.495695,38.6483,4.833443,37.682686,6.624684,4.0,0.00028359,4,567,0.24721,0.26233,0.55,0.5,0.16667,,,-0.01,0.00745,0.00462,-0.01412,0.00039,0.07857
189,193536,13.95942,258.25,0.25,0.33,0.91555,-0.003771,0.039736,0.003096,0.25966,0.043823,0.551163,36.457279,5.955703,35.768398,7.763448,4.0,0.0002835,4,600,0.2217,0.23419,0.55,1.0,0.30769,,,-0.01,0.01308,-0.00019,-0.01368,-0.00094,0.1032
190,194560,39.25125,223.33333,0.66667,0.37,1.127423,-0.002541,0.070978,0.003963,0.29904,0.060059,0.343141,37.013088,4.801099,36.082436,8.608722,4.0,0.00028341,6,558,0.24086,0.27004,0.5,0.83333,0.34483,,,-0.01,0.01163,0.00352,-0.01467,-0.0035,0.31507
191,195584,12.65783,178.0,0.25,0.38,0.920124,-0.002187,0.064359,0.002621,0.42955,0.029297,0.477914,35.717529,5.49994,33.993553,9.221148,4.0,0.00028332,4,597,0.20792,0.22491,0.46,1.0,0.47059,,,-0.01,0.01408,0.00443,-0.01095,0.00062,0.08845
192,196608,-1.82421,230.0,0.0,0.35,1.16573,-0.003637,0.036066,0.006049,0.402093,0.091125,0.704196,36.753036,7.150483,35.213577,9.157038,4.0,0.00028324,5,583,0.26995,0.28367,0.47,0.8,0.15789,,,-0.01,0.01285,0.00519,-0.01513,0.00095,-0.00499
193,197632,42.48028,253.33333,0.66667,0.36,1.181591,-0.005482,0.022099,0.004965,0.320603,0.070801,0.759309,38.859249,7.400422,39.426834,8.042548,4.0,0.00028315,3,578,0.32114,0.34368,0.46,0.33333,0.11429,,,-0.01,0.00646,0.01236,-0.01667,8e-05,0.16727
194,198656,-1.23684,300.0,0.0,0.35,1.209944,-0.004114,0.011721,0.003891,0.341838,0.052612,0.844384,38.244125,7.326055,37.304573,7.459938,4.0,0.00028306,5,580,0.29486,0.33764,0.47,0.6,0.20548,,,-0.01,0.00853,0.01226,-0.02009,-0.0002,0.0
195,199680,19.42924,242.0,0.33333,0.35,1.187289,-0.002676,0.02614,0.003368,0.230413,0.038208,0.744189,36.044323,6.647575,35.645882,8.539971,4.0,0.00028297,3,540,0.29478,0.31916,0.46,0.66667,0.10526,,,-0.01,0.00882,0.00938,-0.01707,0.00208,0.07796
196,200704,29.29893,265.75,0.5,0.34,1.407557,-0.004087,0.015239,0.003997,0.242302,0.037292,0.792125,39.242485,6.621778,39.65889,7.474353,4.0,0.00028288,4,502,0.3377,0.37677,0.47,0.5,0.31884,,,-0.01,0.00566,0.01241,-0.01842,0.00349,0.13706
197,201728,20.53714,265.33333,0.33333,0.33,1.273765,-0.003081,0.023004,0.004172,0.251593,0.054565,0.64706,38.733185,6.573862,38.363472,6.848342,4.0,0.0002828,3,557,0.32449,0.34781,0.49,0.66667,0.23256,,,-0.01,0.00882,0.00952,-0.0174,-0.00203,0.07673
198,202752,38.62527,250.6,0.6,0.36,1.063851,-0.004767,0.021964,0.004635,0.322938,0.055664,0.749263,37.859989,6.610788,38.589764,8.368417,4.0,0.00028271,5,534,0.2703,0.30404,0.48,1.0,0.25,,,-0.01,0.01047,0.0144,-0.01817,-0.00089,0.25947
199,203776,31.18415,237.75,0.5,0.35,1.017359,-0.003289,0.022795,0.002443,0.293242,0.024231,0.740668,38.001869,6.858181,38.730457,8.209449,4.0,0.00028262,4,489,0.2485,0.27917,0.49,1.0,0.23333,,,-0.01,0.01098,0.01154,-0.01514,0.00472,0.18844
200,204800,39.37502,242.0,0.6,0.36,1.162409,-0.002744,0.032637,0.003687,0.289616,0.054077,0.61133,39.573635,7.646496,40.864304,8.152399,4.0,0.00028253,5,569,0.22448,0.25258,0.5,0.8,0.19118,,,-0.01,0.00943,0.007,-0.01555,0.00189,0.25362
201,205824,15.07417,206.75,0.25,0.37,1.166905,-0.002672,0.058761,0.003761,0.283394,0.038025,0.305023,39.743286,5.686677,38.95116,8.217247,4.0,0.00028245,4,534,0.23864,0.27955,0.47,0.75,0.23077,,,-0.01,0.00979,0.01188,-0.0172,-0.00291,0.08584
202,206848,31.48119,247.75,0.5,0.38,1.013405,-0.002495,0.021123,0.002007,0.214732,0.020752,0.638175,40.74028,5.742391,41.142563,6.522713,4.0,0.00028236,4,577,0.22817,0.26522,0.46,1.0,0.28947,,,-0.01,0.01084,0.00986,-0.01441,0.00211,0.19318
203,207872,14.77495,283.5,0.25,0.37,1.026331,-0.003584,0.012237,0.002491,0.262942,0.036194,0.761606,39.321342,5.919603,39.09655,6.112719,4.0,0.00028227,4,555,0.22282,0.26147,0.47,0.75,0.16667,,,-0.01,0.01015,0.00613,-0.01612,-0.00311,0.09231
204,208896,62.25545,248.5,1.0,0.39,0.942304,-0.002677,0.022659,0.002808,0.368638,0.03241,0.552362,39.406273,4.531147,41.043537,6.384545,4.0,0.00028218,4,561,0.1875,0.22239,0.45,1.0,0.31579,,,-0.01,0.01196,0.00572,-0.01527,0.00579,0.38758
205,209920,31.84434,228.66667,0.5,0.4,1.17435,-0.002369,0.035385,0.003016,0.233219,0.03125,0.606121,40.731388,5.744949,40.786758,8.458735,4.0,0.00028209,6,589,0.23811,0.28274,0.43,0.83333,0.23333,,,-0.01,0.01016,0.00853,-0.01555,-0.0029,0.25446
206,210944,18.80127,261.66667,0.33333,0.41,1.085843,-0.00436,0.015047,0.003709,0.256735,0.042725,0.713822,41.699108,6.002997,42.174957,6.209239,4.0,0.00028201,3,586,0.23056,0.25341,0.43,1.0,0.48649,,,-0.01,0.01136,0.0067,-0.01389,0.0036,0.09052
207,211968,20.96792,222.16667,0.33333,0.41,1.096596,-0.00277,0.060636,0.004437,0.338054,0.053589,0.458219,42.491699,6.274652,41.190975,9.269825,4.0,0.00028192,6,615,0.23988,0.28072,0.43,0.83333,0.26,,,-0.01,0.01043,0.00642,-0.01721,-0.00019,0.17667
208,212992,37.19883,155.4,0.6,0.42,1.253032,-0.002401,0.056745,0.003251,0.226018,0.038025,0.421853,40.17234,4.807509,39.743599,8.738263,4.0,0.00028183,5,591,0.27294,0.31496,0.4,0.6,0.46341,,,-0.01,0.01057,0.00439,-0.01621,0.0007,0.23206
209,214016,42.49504,240.66667,0.66667,0.42,0.903737,-0.004051,0.018137,0.002426,0.255325,0.029175,0.816062,41.702942,8.260835,41.918808,8.808172,4.0,0.00028174,3,572,0.24958,0.30118,0.4,1.0,0.25,,,-0.01,0.01058,0.01189,-0.01727,-0.00486,0.22014
210,215040,21.1477,243.66667,0.33333,0.42,1.07582,-0.003718,0.042165,0.003935,0.245967,0.032715,0.552702,39.81612,6.86967,40.793228,8.426703,4.0,0.00028166,6,549,0.24612,0.28197,0.4,0.83333,0.29167,,,-0.01,0.01171,0.00593,-0.0156,0.00681,0.18497
211,216064,42.83119,178.66667,0.66667,0.43,1.121124,-0.002114,0.042736,0.003649,0.231059,0.043457,0.558447,40.861855,6.848318,40.541054,8.619176,4.0,0.00028157,3,586,0.28926,0.33005,0.39,1.0,0.14286,,,-0.01,0.01057,0.00698,-0.01215,-0.00107,0.17852
212,217088,-0.92189,300.0,0.0,0.42,0.911785,-0.00436,0.00663,0.002598,0.275988,0.025635,0.897487,42.088737,7.358343,41.554352,7.12173,4.0,0.00028148,3,593,0.28748,0.32879,0.4,1.0,0.26829,,,-0.01,0.01044,0.00491,-0.01652,-0.0039,0.0
213,218112,26.6686,253.71429,0.42857,0.41,1.120062,-0.0032,0.020785,0.003034,0.23169,0.042542,0.658942,41.473736,5.365485,42.18203,6.931547,4.0,0.00028139,7,553,0.30432,0.32914,0.43,1.0,0.38182,,,-0.01,0.01371,0.00152,-0.0128,0.00102,0.25532
214,219136,nan,nan,0.0,0.41,0.787399,-0.006095,0.005985,0.003116,0.271166,0.038269,0.876438,43.208294,6.398449,43.175575,6.24088,4.0,0.0002813,0,623,0.26262,0.28654,0.43,0.0,0.0,,,-0.01,0.0112,-0.00219,-0.01176,0.0021,0.0
215,220160,13.53243,244.5,0.25,0.42,0.872977,-0.001055,0.048514,0.002182,0.306894,0.023376,0.604515,43.269936,6.565701,41.872517,9.679922,4.0,0.00028122,8,614,0.24021,0.2608,0.45,1.0,0.65217,,,-0.01,0.01322,-0.00029,-0.01232,-0.00478,0.2
216,221184,52.40875,160.75,0.75,0.44,0.91012,-0.003282,0.029259,0.002992,0.369334,0.036072,0.644515,39.572815,5.936768,40.951492,7.925509,4.0,0.00028113,4,548,0.22724,0.25851,0.44,0.75,0.57895,,,-0.01,0.01314,0.00017,-0.01086,0.00194,0.33199
217,222208,12.9793,245.0,0.25,0.44,0.981922,-0.001385,0.053138,0.002682,0.277987,0.035156,0.570282,43.179214,7.624533,42.133839,9.940546,4.0,0.00028104,4,544,0.20497,0.22984,0.42,1.0,1.0,,,-0.01,0.01219,-0.00148,-0.01421,0.00117,0.08531
218,223232,-3.2379,224.4,0.0,0.43,0.830289,-0.001938,0.044259,0.001225,0.404456,0.013672,0.577461,39.18589,7.386906,36.982777,9.008234,4.0,0.00028095,5,592,0.22914,0.24371,0.42,1.0,0.51724,,,-0.01,0.01533,0.002,-0.01679,-0.00664,-0.00706
219,224256,-2.11255,277.0,0.0,0.41,1.153302,-0.003722,0.024381,0.003246,0.270857,0.037781,0.646486,39.519829,5.926029,38.638184,7.308715,4.0,0.00028087,3,552,0.28855,0.31392,0.43,1.0,0.66667,,,-0.01,0.00998,0.00262,-0.02052,0.00185,-0.0026
220,225280,-2.56068,300.0,0.0,0.4,0.989632,-0.006145,0.008922,0.003847,0.298241,0.047302,0.896302,39.949867,8.302972,39.638023,8.237206,4.0,0.00028078,3,584,0.2956,0.32361,0.44,0.66667,0.36842,,,-0.01,0.01004,0.00466,-0.01573,0.00012,0.0
221,226304,-4.00121,247.16667,0.0,0.37,1.223297,-0.002612,0.033882,0.003312,0.309237,0.049011,0.637856,39.477627,6.25251,38.015915,8.708448,4.0,0.00028069,6,508,0.31848,0.34909,0.44,1.0,0.33898,,,-0.01,0.01246,0.00083,-0.01845,-0.00086,-0.00727
222,227328,-4.18149,225.33333,0.0,0.36,0.833648,-0.002446,0.037206,0.002453,0.368116,0.032227,0.778277,37.11631,9.900264,35.133892,11.454369,4.0,0.0002806,3,629,0.27293,0.31505,0.43,1.0,0.5625,,,-0.01,0.01562,0.00289,-0.01258,-0.00445,-0.00702
223,228352,-2.33189,298.6,0.0,0.33,1.119373,-0.003264,0.018468,0.004064,0.291529,0.039124,0.817973,37.471081,8.041853,36.58564,8.893896,4.0,0.00028051,5,486,0.28033,0.31639,0.45,1.0,0.33333,,,-0.01,0.01137,0.00223,-0.01292,0.0023,-0.00262
224,229376,-2.04325,300.0,0.0,0.32,0.953341,-0.006315,0.010519,0.003153,0.279189,0.042664,0.883736,34.930496,8.432105,34.262985,8.456588,4.0,0.00028043,1,642,0.24756,0.28275,0.46,0.0,0.32258,,,-0.01,0.01143,0.00242,-0.01499,-0.00268,0.0
225,230400,-2.43956,299.4,0.0,0.3,0.917968,-0.002231,0.015423,0.001782,0.313364,0.020325,0.855636,34.285572,8.301299,32.922592,9.012372,4.0,0.00028034,5,595,0.25329,0.28854,0.49,1.0,0.58621,,,-0.01,0.01194,0.00157,-0.0145,-0.00114,-0.0031
226,231424,14.99265,246.25,0.25,0.29,0.905294,-0.003274,0.037841,0.002648,0.263474,0.033752,0.602927,32.487518,7.135765,31.588259,8.691922,4.0,0.00028025,4,512,0.2732,0.31205,0.49,0.75,0.42857,,,-0.01,0.01377,0.001,-0.01425,-0.00325,0.10444
227,232448,-2.55509,282.75,0.0,0.28,0.854582,-0.002752,0.019732,0.002442,0.327608,0.034424,0.795401,31.9958,7.863111,30.502747,8.563032,4.0,0.00028016,4,609,0.27872,0.31618,0.49,1.0,0.48276,,,-0.01,0.01378,0.0014,-0.01613,-0.00323,-0.00329
228,233472,31.24384,241.25,0.5,0.26,0.896932,-0.003032,0.030481,0.00251,0.322829,0.031006,0.657977,29.593887,6.775605,30.448315,8.546896,4.0,0.00028008,4,616,0.30119,0.3373,0.51,1.0,0.34884,,,-0.01,0.01051,0.00224,-0.01725,0.00579,0.21103
229,234496,-2.8016,237.0,0.0,0.25,1.086859,-0.003357,0.018127,0.003181,0.299256,0.032715,0.80906,32.835403,7.671492,31.744961,8.54568,4.0,0.00027999,3,566,0.37513,0.41172,0.51,1.0,0.6,,,-0.01,0.01083,-0.00108,-0.01764,0.00056,-0.00271
230,235520,-3.62335,252.2,0.0,0.23,1.035716,-0.00355,0.021484,0.003289,0.30889,0.041748,0.772071,31.616184,8.023915,30.39043,8.679646,4.0,0.0002799,5,595,0.37285,0.40103,0.53,0.8,0.45652,,,-0.01,0.01079,-0.00181,-0.01527,-0.00229,-0.00275
231,236544,-3.49849,300.0,0.0,0.21,1.02334,-0.005437,0.005169,0.004421,0.288541,0.060608,0.927739,31.800007,7.557534,31.438976,7.468964,4.0,0.00027981,3,569,0.38528,0.42244,0.56,0.66667,0.34375,,,-0.01,0.00725,0.00175,-0.0148,0.00078,0.0
232,237568,-3.11966,300.0,0.0,0.21,1.000011,-0.004115,0.007948,0.003234,0.304867,0.044006,0.884904,29.681936,7.190249,28.712313,7.334859,4.0,0.00027972,3,605,0.36629,0.40423,0.57,0.33333,0.44681,,,-0.01,0.01022,-0.00397,-0.0171,-0.00254,0.0
233,238592,-2.97121,300.0,0.0,0.19,0.832517,-0.004714,0.006688,0.003208,0.26938,0.040222,0.88975,26.695051,6.825229,26.31954,6.920508,4.0,0.00027964,4,566,0.33709,0.36872,0.61,0.75,0.69231,,,-0.01,0.01011,-0.00212,-0.01715,-0.00024,0.0
234,239616,-4.63896,300.0,0.0,0.16,1.010733,-0.005755,0.00451,0.004958,0.311302,0.081787,0.922616,29.633537,6.834843,29.416409,6.787958,4.0,0.00027955,4,586,0.32554,0.3634,0.64,1.0,0.5625,,,-0.01,0.01044,-0.00312,-0.01503,9e-05,0.0
235,240640,-3.22232,226.0,0.0,0.15,0.921479,-0.002378,0.012569,0.001737,0.241379,0.014587,0.821996,28.73484,6.68284,27.808392,7.59069,4.0,0.00027946,3,608,0.28267,0.32057,0.65,1.0,0.8,,,-0.01,0.00952,0.00108,-0.01298,-0.00207,-0.00316
236,241664,-2.89206,300.0,0.0,0.13,1.089518,-0.0038,0.004535,0.003556,0.308043,0.040833,0.924838,28.012863,6.703371,27.541626,6.740246,4.0,0.00027937,4,527,0.3331,0.36379,0.67,0.75,0.58824,,,-0.01,0.01101,-0.00416,-0.01661,0.00037,0.0
237,242688,-3.82712,250.25,0.0,0.12,1.031,-0.002604,0.01405,0.003033,0.239982,0.037598,0.784645,26.871521,6.327015,26.129948,7.165261,4.0,0.00027929,4,586,0.37044,0.39943,0.68,0.75,0.34375,,,-0.01,0.00973,-0.00078,-0.01637,-0.00293,-0.00286
238,243712,-2.90837,300.0,0.0,0.11,0.9383,-0.006019,0.005973,0.003353,0.305483,0.040771,0.856952,25.875591,5.894108,25.226286,5.797871,4.0,0.0002792,4,587,0.29131,0.32467,0.69,1.0,0.8,,,-0.01,0.01165,-0.00666,-0.01528,-0.00217,0.0
239,244736,18.47028,260.33333,0.33333,0.1,0.941843,-0.003933,0.022712,0.00447,0.303754,0.058044,0.660977,25.907612,5.980755,26.636192,7.299157,4.0,0.00027911,3,588,0.27461,0.31099,0.7,0.66667,0.63333,,,-0.01,0.00859,0.00157,-0.01495,0.00439,0.10195
240,245760,-2.41608,300.0,0.0,0.09,0.90778,-0.005843,0.003917,0.00372,0.3136,0.045227,0.942417,26.287304,6.896203,25.786064,6.976358,4.0,0.00027902,3,607,0.2504,0.29332,0.72,1.0,0.67742,,,-0.01,0.01015,0.00324,-0.01727,-0.00525,0.0
241,246784,-3.0467,254.6,0.0,0.08,0.665899,-0.002278,0.01183,0.001658,0.226575,0.016785,0.609564,23.262337,4.480122,22.553406,4.949058,4.0,0.00027893,5,591,0.17757,0.19838,0.73,0.8,0.5,,,-0.01,0.01188,-0.00335,-0.00788,-0.00431,-0.00406
242,247808,10.01108,232.6,0.2,0.06,0.906977,-0.003484,0.026436,0.004085,0.254183,0.052002,0.482386,22.572239,3.720685,22.0739,6.361041,4.0,0.00027885,5,578,0.23846,0.27206,0.74,1.0,0.8,,,-0.01,0.01287,-0.00436,-0.01433,-0.00711,0.10308
243,248832,-1.66209,300.0,0.0,0.06,0.513113,-0.003064,0.00191,0.001229,0.2375,0.010864,0.949836,22.306705,5.138069,22.394005,5.108374,4.0,0.00027876,2,576,0.13549,0.15466,0.75,1.0,0.77778,,,-0.01,0.01239,-0.00108,-0.00465,-0.00056,0.0
244,249856,-2.37586,284.33333,0.0,0.05,0.846371,-0.001374,0.022654,0.001507,0.202867,0.016235,0.574178,22.531376,5.699495,21.750458,6.43097,4.0,0.00027867,6,537,0.22546,0.25589,0.77,1.0,0.81818,,,-0.01,0.01361,-0.00266,-0.01235,-0.00231,-0.00686
245,250880,-2.87101,199.66667,0.0,0.05,0.823828,-0.00282,0.016513,0.002002,0.245006,0.020752,0.694313,22.248459,5.430002,21.23103,6.334841,4.0,0.00027858,3,594,0.22767,0.25832,0.76,1.0,0.8,,,-0.01,0.01307,-0.00236,-0.00801,-0.00644,-0.00701
246,251904,20.8797,253.33333,0.33333,0.07,0.74993,-0.002547,0.044068,0.001342,0.346447,0.008301,0.489221,21.945501,4.970594,23.560982,8.071266,4.0,0.0002785,6,557,0.19319,0.21285,0.76,0.83333,0.64516,,,-0.01,0.0139,-0.00057,-0.01433,0.00158,0.25925
247,252928,10.48275,184.6,0.2,0.08,1.17783,-0.003858,0.039814,0.003529,0.284831,0.043213,0.635264,23.366749,6.48131,23.809847,9.036946,4.0,0.00027841,5,544,0.25782,0.29346,0.75,0.8,0.81818,,,-0.01,0.01375,-0.00187,-0.01688,-0.0011,0.08076
248,253952,-3.24342,156.66667,0.0,0.08,1.110999,-0.003453,0.020211,0.003421,0.236364,0.038208,0.803502,28.072721,8.332802,27.571941,8.787946,4.0,0.00027832,3,582,0.20598,0.23262,0.74,1.0,0.5,,,-0.01,0.00922,0.00105,-0.0158,-0.00149,-0.0052
249,254976,14.84853,220.85714,0.28571,0.1,1.039338,-0.002914,0.041653,0.003675,0.214269,0.057007,0.645056,25.423294,7.095186,25.331234,9.397365,4.0,0.00027823,7,557,0.23058,0.258,0.71,0.71429,0.53333,,,-0.01,0.01138,3e-05,-0.01775,-0.00209,0.17743
250,256000,-2.00124,234.33333,0.0,0.1,1.027442,-0.005254,0.013096,0.005247,0.265678,0.058411,0.839484,25.453417,7.456967,25.507496,7.966735,4.0,0.00027814,3,573,0.23129,0.26341,0.71,1.0,1.0,,,-0.01,0.01298,-0.00019,-0.01564,0.00149,-0.00273
251,257024,13.14321,277.75,0.25,0.1,1.01657,-0.004557,0.014873,0.003825,0.27698,0.041809,0.873671,30.041924,8.896405,30.792343,9.361786,4.0,0.00027806,4,573,0.21884,0.2465,0.72,0.75,0.34146,,,-0.01,0.00918,0.00217,-0.01728,0.00322,0.09111
252,258048,12.23718,222.6,0.2,0.11,1.027816,-0.004442,0.038042,0.005386,0.281345,0.065063,0.690931,27.007977,8.062345,27.537319,9.616773,4.0,0.00027797,5,626,0.22122,0.24791,0.71,1.0,0.7931,,,-0.01,0.01334,-0.00316,-0.01174,0.00207,0.09122
253,259072,11.80804,190.4,0.2,0.1,0.84338,-0.004244,0.033999,0.003005,0.227475,0.042725,0.774518,26.718555,8.918644,26.525139,10.932034,4.0,0.00027788,5,576,0.18119,0.20654,0.7,0.8,0.66667,,,-0.01,0.00781,0.00204,-0.01058,-0.0029,0.1083
254,260096,28.47246,220.0,0.42857,0.13,1.090784,-0.002565,0.058667,0.002963,0.449139,0.035889,0.630908,25.553299,7.798922,27.684858,11.080214,4.0,0.00027779,7,584,0.22733,0.25916,0.69,0.71429,0.75758,,,-0.01,0.01348,-0.00324,-0.01338,0.00158,0.26984
255,261120,69.44398,116.0,1.0,0.14,0.52774,-0.003335,0.04151,0.003203,0.261906,0.053955,0.505928,24.722603,7.670424,25.130955,8.083692,4.0,0.00027771,1,657,0.10957,0.13681,0.68,1.0,0.66667,,,-0.01,0.01136,0.00031,-0.00524,-0.00812,0.16186
256,262144,-1.5771,300.0,0.0,0.14,0.497588,-0.003937,0.004682,0.001999,0.243741,0.027466,0.908475,25.752808,6.608963,25.691391,6.312182,4.0,0.00027762,3,624,0.1224,0.13672,0.68,1.0,1.0,,,-0.01,0.00898,-0.00196,-0.00799,0.00013,0.0
257,263168,-2.02189,238.57143,0.0,0.14,0.854128,-0.003201,0.024802,0.003034,0.267383,0.036682,0.551321,26.060169,5.25991,24.989725,6.449339,4.0,0.00027753,7,570,0.18977,0.21534,0.66,1.0,0.75,,,-0.01,0.01502,-0.00133,-0.01329,-0.0025,-0.00639
258,264192,22.13703,150.66667,0.33333,0.15,0.716809,-0.001912,0.035827,0.00143,0.279218,0.006287,0.451803,26.587433,5.218663,26.963287,7.060586,4.0,0.00027744,3,637,0.13412,0.16114,0.64,0.66667,0.6,,,-0.01,0.01168,0.00234,-0.01215,-2e-05,0.13185
259,265216,12.35833,261.8,0.2,0.16,0.808599,-0.002795,0.029858,0.002377,0.259698,0.023499,0.478091,26.957104,5.058132,27.892147,6.445594,4.0,0.00027735,5,577,0.16811,0.18455,0.64,0.8,0.55,,,-0.01,0.01509,-0.0011,-0.00896,0.00212,0.11533
260,266240,28.0902,216.8,0.4,0.18,0.80911,-0.003632,0.047479,0.002017,0.358179,0.025146,0.419916,29.34721,5.698045,30.64666,7.804327,4.0,0.00027727,5,543,0.18551,0.20331,0.63,0.6,0.5,,,-0.01,0.01049,0.00014,-0.01616,0.00431,0.2352
261,267264,13.13082,235.6,0.2,0.19,0.847691,-0.001953,0.034383,0.002279,0.236174,0.028198,0.533252,30.639572,5.783626,30.702698,7.436853,4.0,0.00027718,5,605,0.18841,0.21587,0.61,0.8,0.7,,,-0.01,0.0127,-0.00042,-0.0122,-0.00107,0.10671
262,268288,-3.42522,202.4,0.0,0.18,0.663137,-0.002154,0.040131,0.002381,0.373296,0.032043,0.578907,30.111504,6.128246,28.236609,8.221619,4.0,0.00027709,5,638,0.13459,0.16015,0.59,1.0,0.71429,,,-0.01,0.01414,5e-05,-0.00771,-0.00608,-0.01158
263,269312,-2.00092,256.2,0.0,0.18,0.84387,-0.003198,0.022915,0.002609,0.363146,0.033386,0.74671,28.339743,6.640321,26.642767,7.939238,4.0,0.000277,5,568,0.20072,0.22767,0.58,1.0,0.5,,,-0.01,0.01358,0.00148,-0.01165,-0.00384,-0.00644
264,270336,-3.39082,250.0,0.0,0.18,0.699641,-0.002066,0.01229,0.002335,0.232818,0.028992,0.814897,26.790548,6.091887,26.05234,6.900105,4.0,0.00027692,1,637,0.20113,0.20822,0.57,1.0,0.0,,,-0.01,0.00858,-0.00099,-0.01235,0.00113,-0.00378
265,271360,9.8389,222.83333,0.16667,0.18,0.988767,-0.002649,0.039982,0.004715,0.191234,0.058044,0.556587,29.937565,6.140357,29.999022,8.10986,4.0,0.00027683,6,613,0.2226,0.23116,0.57,0.83333,0.28571,,,-0.01,0.01095,0.00057,-0.01751,0.00296,0.09507
266,272384,10.91463,231.2,0.2,0.19,1.035033,-0.003638,0.030835,0.002763,0.246071,0.029175,0.745804,29.307859,7.660476,28.870543,9.435921,4.0,0.00027674,5,559,0.22279,0.25068,0.57,1.0,0.52632,,,-0.01,0.01168,0.00232,-0.01478,-0.00114,0.08789
267,273408,12.20442,237.8,0.2,0.2,0.875273,-0.004759,0.031378,0.003301,0.27265,0.050659,0.803698,28.131428,9.173017,28.181717,10.80395,4.0,0.00027665,5,581,0.18217,0.2067,0.57,0.6,0.1,,,-0.01,0.01151,0.00225,-0.01085,0.00062,0.10743
268,274432,15.45852,194.75,0.25,0.2,0.802469,-0.003642,0.041262,0.003445,0.25483,0.046875,0.658829,26.59322,7.841627,26.278513,9.424097,4.0,0.00027657,4,574,0.20936,0.22649,0.56,1.0,0.44444,,,-0.01,0.01397,-0.00161,-0.01532,-0.0001,0.11425
269,275456,-1.10863,274.25,0.0,0.19,0.726687,-0.002734,0.019357,0.001149,0.273004,0.01001,0.750153,26.598978,7.091337,25.878387,7.50931,4.0,0.00027648,4,581,0.19738,0.22707,0.58,1.0,0.77778,,,-0.01,0.01304,-0.00014,-0.01157,-0.00144,-0.00349
270,276480,32.747,224.0,0.5,0.2,0.775815,-0.002446,0.065249,0.001917,0.343213,0.018005,0.517267,26.450903,7.545066,28.051714,10.012162,4.0,0.00027639,6,498,0.25401,0.26842,0.59,1.0,0.5,,,-0.01,0.0118,-0.00159,-0.00927,0.00043,0.33693
271,277504,-1.87652,231.66667,0.0,0.2,0.902725,-0.002435,0.026327,0.00173,0.296022,0.012024,0.72434,26.808815,7.110034,25.597301,8.226665,4.0,0.0002763,3,483,0.28704,0.30338,0.58,1.0,1.0,,,-0.01,0.01385,-0.00238,-0.01245,-0.00056,-0.00594
272,278528,-5.72045,269.66667,0.0,0.19,0.758368,-0.002435,0.017426,0.002709,0.287189,0.035706,0.808859,27.369997,7.689983,26.31728,8.021861,4.0,0.00027621,3,614,0.20761,0.22013,0.59,0.66667,0.8,,,-0.01,0.01302,-0.00175,-0.01327,-0.00195,-0.00358
273,279552,-1.37144,242.5,0.0,0.18,0.674049,-0.002293,0.021059,0.001649,0.284602,0.01825,0.734457,24.807634,6.284387,23.597534,7.47425,4.0,0.00027613,6,541,0.18863,0.21264,0.59,1.0,0.66667,,,-0.01,0.01467,-0.00091,-0.00784,-0.00377,-0.00784
274,280576,16.87459,245.75,0.25,0.18,0.937361,-0.005878,0.032599,0.004575,0.313747,0.070923,0.662255,25.79468,6.998944,26.301224,8.279588,4.0,0.00027604,4,526,0.23638,0.25262,0.59,0.75,0.61538,,,-0.01,0.01071,-0.00099,-0.01114,0.00401,0.10314
275,281600,-2.43714,195.0,0.0,0.18,0.966684,-0.00196,0.019295,0.001782,0.243535,0.015991,0.788279,27.398832,7.05485,26.767134,7.998834,4.0,0.00027595,2,577,0.1987,0.22647,0.58,1.0,1.0,,,-0.01,0.01208,0.00249,-0.01391,0.00279,-0.00577
276,282624,9.83359,252.8,0.2,0.18,0.99845,-0.004448,0.021226,0.005187,0.307646,0.07782,0.740371,28.24543,6.498651,27.28624,7.659824,4.0,0.00027586,5,528,0.22315,0.24554,0.59,0.8,0.14286,,,-0.01,0.01056,-0.00111,-0.01158,-0.00276,0.08297
277,283648,-2.80443,266.6,0.0,0.16,0.951874,-0.002041,0.019247,0.002615,0.286224,0.029724,0.820237,26.568546,7.59461,25.487812,8.743172,4.0,0.00027578,5,528,0.20406,0.22578,0.59,0.8,0.47059,,,-0.01,0.01387,0.00093,-0.01497,0.00276,-0.0057
278,284672,20.06776,273.33333,0.33333,0.15,0.894642,-0.002635,0.029265,0.002253,0.26963,0.020081,0.642741,25.496029,7.227481,26.003265,7.838373,4.0,0.00027569,3,586,0.20525,0.23187,0.6,1.0,0.33333,,,-0.01,0.00901,0.00106,-0.01346,0.00095,0.09969
279,285696,30.52654,258.5,0.5,0.17,0.925416,-0.003459,0.040734,0.004249,0.33085,0.059631,0.489624,25.352116,5.841498,26.383522,7.683563,4.0,0.0002756,4,564,0.21547,0.24101,0.58,0.75,0.27778,,,-0.01,0.00972,0.00275,-0.01425,0.00365,0.18633
280,286720,-1.2906,300.0,0.0,0.17,0.910375,-0.005243,0.006029,0.004236,0.316793,0.058655,0.887376,27.235317,6.425049,27.244804,6.21944,4.0,0.00027551,2,566,0.20708,0.21926,0.58,1.0,0.14286,,,-0.01,0.00802,7e-05,-0.01531,0.0039,0.0
281,287744,-2.39095,300.0,0.0,0.17,1.018429,-0.004012,0.005301,0.003389,0.303225,0.044373,0.909587,28.197952,6.522256,27.809631,6.486046,4.0,0.00027542,6,505,0.19162,0.20393,0.61,0.66667,0.53846,,,-0.01,0.00986,-0.00165,-0.01239,0.00012,0.0
282,288768,-4.33396,219.75,0.0,0.16,0.972532,-0.002785,0.030283,0.004177,0.391274,0.058472,0.508439,25.778362,5.449808,23.899151,6.905084,4.0,0.00027534,4,549,0.20765,0.22435,0.59,1.0,0.72222,,,-0.01,0.01341,-0.00115,-0.01478,-0.00155,-0.00835
283,289792,18.33594,217.33333,0.33333,0.16,0.950555,-0.001655,0.030329,0.003349,0.249096,0.044739,0.628686,23.99922,6.004697,23.570734,7.689681,4.0,0.00027525,3,511,0.18198,0.19542,0.58,0.66667,0.67568,,,-0.01,0.0108,-0.00287,-0.01031,-4e-05,0.09008
284,290816,-3.06937,232.14286,0.0,0.14,1.075448,-0.003508,0.015123,0.005473,0.283352,0.077148,0.724283,24.089523,5.08508,23.129551,6.069633,4.0,0.00027516,7,487,0.19328,0.21198,0.58,0.71429,0.7551,,,-0.01,0.01395,-0.00388,-0.01375,-0.00165,-0.0076
285,291840,58.1874,290.0,1.0,0.15,0.838068,-0.002697,0.017806,0.001958,0.279472,0.023193,0.695331,23.734507,5.335441,24.196445,6.561399,4.0,0.00027507,1,655,0.157,0.17485,0.57,1.0,1.0,,,-0.01,0.00759,-0.00384,-0.00557,0.00509,0.09915
286,292864,7.1506,247.0,0.14286,0.15,1.055404,-0.002658,0.03402,0.004881,0.243766,0.076172,0.550303,23.94651,5.305983,23.672384,7.463223,4.0,0.00027499,7,521,0.20962,0.22521,0.58,0.85714,0.86957,,,-0.01,0.01224,-0.00374,-0.01206,0.00076,0.07987
287,293888,33.38924,155.75,0.5,0.17,0.989011,-0.003757,0.05735,0.004627,0.337369,0.074646,0.428734,21.044289,5.456634,21.18716,8.245298,4.0,0.0002749,4,551,0.21969,0.23288,0.57,0.5,0.78788,,,-0.01,0.01459,-0.00133,-0.0118,-0.00082,0.19615
288,294912,37.35124,239.6,0.6,0.19,0.842968,-0.002088,0.05703,0.003158,0.43443,0.033875,0.544473,22.439302,5.933199,24.645142,9.358671,4.0,0.00027481,5,554,0.2307,0.22022,0.56,1.0,0.7931,,,-0.01,0.01444,-0.00192,-0.00987,0.00451,0.33037
289,295936,23.52902,234.33333,0.33333,0.2,1.00787,-0.004586,0.029983,0.005681,0.395088,0.092712,0.665729,22.244419,6.047283,23.125042,7.747218,4.0,0.00027472,3,507,0.28791,0.27884,0.56,0.66667,0.33333,,,-0.01,0.01218,-0.00306,-0.01228,0.00152,0.09822
290,296960,22.92181,246.2,0.4,0.2,1.023805,-0.002448,0.038842,0.004308,0.285374,0.05835,0.673435,24.583101,7.054697,25.538246,9.162049,4.0,0.00027463,5,499,0.25597,0.26615,0.56,0.8,0.88889,,,-0.01,0.01368,-0.00683,-0.01194,-0.00309,0.17381
291,297984,-3.97771,275.0,0.0,0.2,0.930702,-0.00293,0.027495,0.006045,0.288449,0.066833,0.666924,26.559048,7.899833,25.818943,7.841527,4.0,0.00027455,4,579,0.24137,0.26814,0.56,1.0,0.91429,,,-0.01,0.01308,-0.00302,-0.01452,-0.00016,-0.0031
292,299008,13.3981,257.0,0.25,0.2,0.763773,-0.003525,0.022485,0.00373,0.276266,0.052429,0.80276,25.694044,7.499384,26.015518,8.867534,4.0,0.00027446,4,611,0.20898,0.22303,0.56,1.0,0.875,,,-0.01,0.01297,-0.0019,-0.01008,0.00102,0.1097
293,300032,-1.63541,300.0,0.0,0.2,0.885811,-0.005908,0.006148,0.00421,0.281427,0.057495,0.907206,28.420519,7.221542,28.573807,6.921171,4.0,0.00027437,3,518,0.23173,0.26064,0.57,1.0,0.6,,,-0.01,0.01026,-0.00286,-0.01298,-0.00096,0.0
294,301056,-3.22011,300.0,0.0,0.18,0.934508,-0.004554,0.006942,0.002424,0.275198,0.022339,0.903904,28.682613,7.30895,28.362453,7.117062,4.0,0.00027428,4,572,0.21041,0.23532,0.59,1.0,0.62857,,,-0.01,0.01062,0.00135,-0.01427,0.00125,0.0
295,302080,20.55747,254.66667,0.33333,0.18,0.798552,-0.002642,0.022925,0.003142,0.258851,0.043518,0.733184,25.093874,6.376551,25.713581,7.605313,4.0,0.0002742,3,594,0.22038,0.2208,0.59,1.0,0.69231,,,-0.01,0.01382,-0.00054,-0.0111,-0.00041,0.11168
296,303104,15.57907,275.0,0.25,0.19,0.667385,-0.001892,0.017824,0.002521,0.222853,0.030212,0.773467,27.021423,6.586674,27.50947,7.62385,4.0,0.00027411,4,566,0.187,0.19218,0.6,1.0,0.5625,,,-0.01,0.0124,-0.00092,-0.00643,-0.00092,0.1236
297,304128,32.61776,238.5,0.5,0.22,0.804974,-0.002206,0.056194,0.004365,0.384765,0.054199,0.564482,25.885927,6.261604,27.769157,9.312329,4.0,0.00027402,6,521,0.1724,0.19328,0.59,1.0,0.53333,,,-0.01,0.01398,0.00033,-0.01226,0.00385,0.32735
298,305152,20.81912,195.0,0.33333,0.23,0.750045,-0.001792,0.049568,0.002434,0.222747,0.027466,0.577504,28.583485,7.055422,28.69545,9.166327,4.0,0.00027393,3,599,0.1843,0.20628,0.57,1.0,1.0,,,-0.01,0.01275,-0.00252,-0.0092,0.00054,0.11758
299,306176,12.14544,269.0,0.2,0.23,0.9944,-0.004837,0.016861,0.004444,0.281723,0.061768,0.820993,31.132633,7.57033,31.655109,8.193761,4.0,0.00027384,5,574,0.17604,0.1933,0.59,0.6,0.76471,,,-0.01,0.01142,-0.00059,-0.01034,0.00407,0.09437
300,307200,21.77459,172.66667,0.33333,0.24,1.014068,-0.003803,0.081794,0.003611,0.350437,0.050659,0.369888,30.323402,6.466609,30.957769,9.53782,4.0,0.00027376,6,572,0.19113,0.21624,0.57,0.5,0.65217,,,-0.01,0.01223,-0.00092,-0.00954,0.00038,0.18115
301,308224,33.54106,237.75,0.5,0.26,0.837985,-0.004097,0.033641,0.003347,0.31265,0.045898,0.653979,32.493919,7.005991,33.076752,8.210697,4.0,0.00027367,4,624,0.15779,0.17554,0.57,0.75,0.69231,,,-0.01,0.01037,-0.00169,-0.00909,8e-05,0.20625
302,309248,32.83022,186.75,0.5,0.26,0.816049,-0.005525,0.054434,0.003945,0.295689,0.049377,0.589059,30.853176,6.691227,30.929802,9.42207,4.0,0.00027358,4,603,0.17158,0.19148,0.56,0.75,1.0,,,-0.01,0.0144,-0.00131,-0.00921,0.00088,0.21576
303,310272,25.16075,208.6,0.4,0.27,0.712731,-0.003329,0.035495,0.002227,0.284797,0.020081,0.720016,30.529099,7.879629,31.561914,9.390855,4.0,0.00027349,5,613,0.18682,0.20484,0.54,0.6,0.71429,,,-0.01,0.01493,-0.00148,-0.00881,0.00159,0.24884
304,311296,28.49632,188.42857,0.42857,0.3,1.04214,-0.001588,0.080811,0.00481,0.277761,0.054199,0.531016,33.419682,7.954813,34.145145,10.798118,4.0,0.00027341,7,606,0.2229,0.24635,0.5,0.85714,1.0,,,-0.01,0.01778,-0.00158,-0.0087,0.00144,0.27543
305,312320,45.08729,186.33333,0.66667,0.32,0.849196,-0.003134,0.033149,0.002664,0.304725,0.02417,0.689016,36.63419,7.739695,37.543655,8.557068,4.0,0.00027332,3,605,0.18661,0.20294,0.5,0.66667,1.0,,,-0.01,0.01178,-0.0008,-0.00948,0.00367,0.22581
306,313344,28.20134,241.42857,0.42857,0.34,1.059685,-0.002845,0.041246,0.00374,0.397598,0.050964,0.591776,35.79557,6.974758,37.216118,8.311934,4.0,0.00027323,7,482,0.23157,0.25143,0.51,0.42857,0.65217,,,-0.01,0.01582,-0.00118,-0.01224,-0.00168,0.27237
307,314368,68.02095,148.66667,1.0,0.39,0.849009,-0.002356,0.068538,0.002824,0.65483,0.028015,0.442555,35.144096,5.825101,38.540909,9.173245,4.0,0.00027314,6,554,0.23299,0.2522,0.48,0.33333,0.75,,,-0.01,0.01658,-0.00154,-0.01266,0.00244,0.65492
308,315392,47.29889,161.71429,0.71429,0.41,1.066397,-0.00386,0.08041,0.003932,0.387642,0.04657,0.45034,40.957706,7.404536,42.934612,10.099825,4.0,0.00027305,7,588,0.2472,0.26862,0.45,0.57143,0.5,,,-0.01,0.01585,-0.00085,-0.0123,0.00549,0.44357
309,316416,38.54649,170.71429,0.57143,0.42,0.921367,-0.00223,0.062507,0.002644,0.222663,0.034119,0.466185,42.630287,6.0217,43.462204,8.829746,4.0,0.00027297,7,530,0.27507,0.29247,0.44,0.28571,0.5,,,-0.01,0.01576,-0.00111,-0.01057,-0.0049,0.41536
310,317440,-3.23216,232.5,0.0,0.42,0.846679,-0.00245,0.044101,0.001961,0.273597,0.020325,0.496256,43.768013,7.119504,43.230259,7.840958,4.0,0.00027288,2,584,0.21351,0.23655,0.43,1.0,0.0,,,-0.01,0.01638,-0.00024,-0.01028,0.00075,-0.00323
311,318464,64.5162,208.16667,1.0,0.45,0.998769,-0.002697,0.027635,0.003046,0.316133,0.037476,0.654165,44.623161,6.410228,46.237411,7.317169,4.0,0.00027279,6,599,0.24478,0.26815,0.41,0.5,0.14286,,,-0.01,0.01398,-0.00111,-0.01442,0.00253,0.55423
312,319488,51.1966,174.25,0.75,0.48,0.891324,-0.003275,0.021985,0.002956,0.301649,0.034668,0.5771,46.797184,5.549356,47.84885,5.990134,4.0,0.0002727,4,521,0.19679,0.21618,0.39,0.75,0.5,,,-0.01,0.01542,0.00012,-0.01161,0.00544,0.30854
313,320512,47.18208,242.25,0.75,0.5,0.870639,-0.003164,0.011005,0.00255,0.271512,0.029175,0.694945,48.420815,4.73503,48.969215,5.013636,4.0,0.00027262,4,557,0.19611,0.20428,0.38,0.5,0.5,,,-0.01,0.01289,-0.00079,-0.00861,0.00385,0.30093
314,321536,14.17508,185.77778,0.22222,0.51,1.022395,-0.002657,0.105439,0.003591,0.448113,0.041138,0.266738,48.152641,4.534834,45.948795,9.976193,4.0,0.00027253,9,544,0.20198,0.22631,0.34,0.77778,0.25,,,-0.01,0.01412,0.00021,-0.01661,-0.00021,0.16914
315,322560,32.65723,160.5,0.5,0.52,1.092095,-0.002694,0.082533,0.001687,0.305221,0.01532,0.241882,45.779812,4.331256,44.727829,8.857404,4.0,0.00027244,6,535,0.2212,0.24939,0.31,0.66667,0.14286,,,-0.01,0.01151,-0.00072,-0.01205,0.00118,0.24908
316,323584,32.19266,174.0,0.5,0.53,1.077223,-0.002299,0.063111,0.003485,0.378054,0.035889,0.465066,45.697495,5.10368,44.082016,9.286919,4.0,0.00027235,4,539,0.21854,0.2453,0.28,0.75,0.5,,,-0.01,0.0105,-0.00128,-0.01385,0.00049,0.16744
317,324608,31.45194,204.83333,0.5,0.53,0.966637,-0.003583,0.038921,0.002736,0.313206,0.033508,0.721775,43.187538,7.555736,42.873859,10.060772,4.0,0.00027226,6,610,0.18338,0.21213,0.29,0.66667,0.31579,,,-0.01,0.01311,0.00196,-0.01522,0.00393,0.28079
318,325632,-2.40249,300.0,0.0,0.53,0.792222,-0.006218,0.021538,0.00463,0.441196,0.067749,0.750591,39.59222,8.792033,37.700909,8.161829,4.0,0.00027218,2,580,0.15637,0.18093,0.29,0.5,0.4,,,-0.01,0.01306,3e-05,-0.01006,-0.00338,0.0
319,326656,23.10361,231.4,0.4,0.53,0.707852,-0.00119,0.065191,0.00256,0.35964,0.034607,0.477693,37.293663,7.376783,36.418266,9.49214,4.0,0.00027209,5,559,0.16306,0.19708,0.28,1.0,0.55556,,,-0.01,0.01296,-0.00068,-0.011,0.00097,0.216
320,327680,21.44956,195.0,0.33333,0.53,1.011093,-0.003238,0.054342,0.002407,0.511769,0.023865,0.574579,38.769619,6.008407,36.538113,9.223185,4.0,0.000272,6,539,0.18045,0.22364,0.27,1.0,0.5,,,-0.01,0.01068,0.0015,-0.01827,-0.00263,0.18226
321,328704,18.68403,227.66667,0.33333,0.52,0.817533,-0.00181,0.040238,0.001806,0.274099,0.018738,0.587095,34.195984,7.508798,33.454292,8.310386,4.0,0.00027191,3,589,0.18508,0.2129,0.27,0.66667,0.16667,,,-0.01,0.00972,-0.00177,-0.012,0.00124,0.10523
322,329728,-3.57216,262.6,0.0,0.51,1.032657,-0.002624,0.025224,0.002746,0.311407,0.028809,0.669001,34.718048,6.122008,33.433407,7.144752,4.0,0.00027183,5,563,0.18411,0.22466,0.28,1.0,0.66667,,,-0.01,0.00994,0.00021,-0.01554,0.00271,-0.00532
323,330752,13.58937,176.75,0.25,0.5,1.166079,-0.004378,0.02933,0.005286,0.424483,0.082886,0.50996,34.982929,4.412938,33.479019,6.433541,4.0,0.00027174,4,587,0.24344,0.28201,0.28,1.0,0.33333,,,-0.01,0.0069,0.00036,-0.01948,-0.00106,0.08169
324,331776,17.57898,257.0,0.33333,0.49,1.155454,-0.004655,0.039222,0.00456,0.311488,0.065125,0.548186,31.772291,5.282788,31.425905,7.919647,4.0,0.00027165,6,573,0.19678,0.23113,0.29,0.33333,0.36667,,,-0.01,0.0114,0.00064,-0.01586,0.00322,0.15588
325,332800,18.90814,167.0,0.33333,0.48,1.113399,-0.004949,0.042418,0.005062,0.333192,0.064392,0.662352,31.782621,7.030481,30.717369,9.19957,4.0,0.00027156,3,543,0.22705,0.26991,0.28,1.0,0.5,,,-0.01,0.00832,0.00128,-0.0187,-0.00093,0.08014
326,333824,16.44385,247.57143,0.28571,0.46,0.957651,-0.002825,0.03467,0.003728,0.231085,0.0495,0.606868,28.839901,6.031418,28.624088,7.7142,4.0,0.00027147,7,538,0.17166,0.19629,0.29,0.57143,0.48,,,-0.01,0.01158,-0.00097,-0.01097,0.0018,0.18729
327,334848,-2.85938,77.0,0.0,0.45,0.957658,-0.004445,0.016375,0.004418,0.316218,0.064941,0.785037,29.363918,6.535341,28.396097,7.1271,4.0,0.00027139,1,612,0.18504,0.21331,0.29,1.0,1.0,,,-0.01,0.0077,-0.0018,-0.01367,0.00088,-0.00286
328,335872,-2.4599,300.0,0.0,0.42,0.986375,-0.006189,0.005511,0.003648,0.280275,0.044678,0.921003,28.888863,7.153716,28.496351,7.02583,4.0,0.0002713,4,536,0.19225,0.20996,0.33,0.25,0.5,,,-0.01,0.0076,-0.00034,-0.01102,0.00135,0.0
329,336896,-3.57758,300.0,0.0,0.39,1.335738,-0.006438,0.008441,0.006565,0.378872,0.106628,0.826484,30.956406,5.444083,30.142832,5.753701,4.0,0.00027121,4,527,0.24297,0.26145,0.37,0.5,0.625,,,-0.01,0.00966,-0.00287,-0.01667,0.00156,0.0
330,337920,22.49993,261.4,0.4,0.37,1.19599,-0.004442,0.039019,0.004975,0.317814,0.070618,0.645917,28.76265,6.75111,29.138521,8.60111,4.0,0.00027112,5,553,0.20745,0.23019,0.39,0.2,0.76923,,,-0.01,0.00875,-0.00109,-0.01636,0.00278,0.16527
331,338944,19.39418,265.66667,0.33333,0.37,1.105259,-0.003986,0.024549,0.002622,0.350295,0.027588,0.702653,26.783512,6.841018,25.868427,7.469406,4.0,0.00027104,3,494,0.19429,0.2189,0.4,1.0,0.6,,,-0.01,0.00996,-0.00031,-0.01455,-0.00121,0.08631
332,339968,-4.44121,285.33333,0.0,0.36,0.906159,-0.003143,0.007937,0.003936,0.255322,0.062195,0.911125,24.483582,7.303014,23.73914,7.709079,4.0,0.00027095,3,590,0.21096,0.22965,0.41,1.0,0.57143,,,-0.01,0.00925,-0.00225,-0.01125,0.00166,-0.00332
333,340992,10.15951,284.8,0.2,0.32,1.232752,-0.004422,0.022796,0.004639,0.314077,0.055786,0.661435,27.084064,5.661676,26.696074,6.768353,4.0,0.00027086,5,509,0.22741,0.24883,0.45,0.4,0.77778,,,-0.01,0.01242,-0.00021,-0.01284,0.00226,0.07559
334,342016,61.71924,255.0,1.0,0.32,0.960549,-0.002873,0.031628,0.004257,0.25807,0.061401,0.538224,25.416063,6.809114,25.442041,7.145655,4.0,0.00027077,1,558,0.20841,0.22027,0.45,1.0,1.0,,,-0.01,0.00873,0.00038,-0.01549,0.00054,0.09614
335,343040,7.54405,292.66667,0.16667,0.29,1.163552,-0.005463,0.01622,0.003774,0.340042,0.049683,0.698238,25.855886,4.679083,26.013832,6.009532,4.0,0.00027068,6,517,0.25062,0.2534,0.48,0.66667,0.35714,,,-0.01,0.01006,-0.00149,-0.01422,0.00409,0.07753
336,344064,-0.6172,300.0,0.0,0.28,1.135478,-0.005382,0.009261,0.006853,0.345077,0.104126,0.81417,26.052521,6.128945,25.229671,5.86227,4.0,0.0002706,1,529,0.23764,0.2504,0.49,1.0,0.0,,,-0.01,0.00946,-0.0024,-0.01189,-0.00209,0.0
337,345088,28.04875,286.16667,0.5,0.28,0.917022,-0.00492,0.040056,0.004627,0.349501,0.064148,0.494761,24.12908,4.432671,25.057949,7.460142,4.0,0.00027051,6,528,0.18776,0.20203,0.5,0.83333,0.70588,,,-0.01,0.01237,-0.001,-0.0096,-0.00141,0.27878
338,346112,19.27964,265.0,0.33333,0.29,0.856162,-0.002938,0.031858,0.003662,0.218574,0.048767,0.538883,24.629951,4.781677,24.827686,6.84926,4.0,0.00027042,3,503,0.15159,0.16569,0.5,1.0,1.0,,,-0.01,0.01003,-0.00019,-0.007,0.00274,0.09808
339,347136,-1.03109,300.0,0.0,0.28,0.980288,-0.008569,0.004926,0.007751,0.350112,0.127625,0.891469,27.572626,5.769772,27.233864,5.668083,4.0,0.00027033,4,539,0.16945,0.18509,0.52,0.75,0.66667,,,-0.01,0.00757,-0.00097,-0.00809,0.00151,0.0
340,348160,18.22509,293.33333,0.33333,0.27,1.128951,-0.002093,0.020882,0.003704,0.247623,0.04657,0.625842,26.222132,5.261105,26.02183,6.338402,4.0,0.00027025,3,508,0.17282,0.18619,0.54,0.66667,0.5,,,-0.01,0.0148,-0.00165,-0.00855,-0.0015,0.07842
341,349184,31.01666,260.0,0.5,0.27,0.807043,-0.001761,0.03939,0.00168,0.377713,0.016235,0.492253,24.971779,4.940848,26.338963,7.389613,4.0,0.00027016,4,541,0.16922,0.18542,0.56,1.0,0.66667,,,-0.01,0.00869,-0.00176,-0.01379,0.00052,0.23258
342,350208,9.26733,240.83333,0.16667,0.25,1.010569,-0.005564,0.03824,0.005242,0.343663,0.07312,0.561817,26.008507,5.576729,25.941587,7.626366,4.0,0.00027007,6,538,0.17461,0.19548,0.58,0.66667,0.76923,,,-0.01,0.01188,-0.00063,-0.01376,-0.00158,0.09405
343,351232,-4.39749,177.75,0.0,0.25,0.964223,-0.002352,0.035146,0.002988,0.368251,0.036987,0.590845,25.933662,6.137797,24.467344,8.044535,4.0,0.00026998,4,525,0.16497,0.18642,0.55,1.0,0.25,,,-0.01,0.01384,-0.00153,-0.00972,-0.00253,-0.01126
344,352256,-1.75777,300.0,0.0,0.24,0.820539,-0.00521,0.007227,0.003714,0.324565,0.062622,0.943037,27.40139,9.11346,27.296066,9.003871,4.0,0.00026989,2,571,0.11752,0.12915,0.57,1.0,1.0,,,-0.01,0.01024,-0.0021,-0.00129,0.00266,0.0
345,353280,-0.8308,300.0,0.0,0.21,1.020021,-0.004192,0.007807,0.004524,0.269964,0.056519,0.894648,26.79516,7.063735,26.729376,7.084877,4.0,0.00026981,5,536,0.18619,0.20113,0.61,0.8,0.9,,,-0.01,0.01365,-0.00053,-0.01218,0.00382,0.0
346,354304,-0.6032,300.0,0.0,0.21,1.034697,-0.0046,0.004504,0.0041,0.33422,0.058228,0.90189,29.283865,5.949218,29.123863,5.656795,4.0,0.00026972,2,547,0.11599,0.12739,0.62,0.5,0.75,,,-0.01,0.00648,-0.00088,-0.00955,0.00246,0.0
347,355328,10.29092,288.2,0.2,0.21,1.12601,-0.003688,0.011139,0.003118,0.244446,0.036804,0.772567,29.973085,5.659157,29.699574,5.705747,4.0,0.00026963,5,580,0.15202,0.1696,0.65,0.4,0.78947,,,-0.01,0.0116,-0.00157,-0.01136,0.00011,0.07838
348,356352,25.06918,212.8,0.4,0.22,0.97023,-0.00323,0.050966,0.003272,0.255898,0.041504,0.479395,26.47237,5.059768,26.722082,8.171659,4.0,0.00026954,5,516,0.14664,0.16497,0.64,1.0,0.2,,,-0.01,0.0126,-0.00049,-0.01489,0.00117,0.17794
349,357376,31.16786,225.5,0.5,0.22,0.831538,-0.00383,0.044021,0.002901,0.302953,0.033813,0.60259,26.648508,5.650842,27.574932,8.730094,4.0,0.00026946,4,564,0.14132,0.15903,0.64,1.0,0.8,,,-0.01,0.01057,-0.00016,-0.0144,0.0036,0.20308
350,358400,31.05248,243.5,0.5,0.24,0.957557,-0.003206,0.032252,0.004028,0.309767,0.047363,0.688929,29.568462,7.013324,30.696608,8.475377,4.0,0.00026937,4,607,0.12007,0.13524,0.63,0.75,0.33333,,,-0.01,0.01129,0.00023,-0.01139,0.00177,0.17875
351,359424,23.67505,257.0,0.4,0.24,1.051977,-0.002692,0.038987,0.004167,0.258228,0.051758,0.722574,31.928356,7.791199,32.324821,9.712265,4.0,0.00026928,5,505,0.1065,0.12086,0.64,0.6,0.5,,,-0.01,0.01069,-0.0003,-0.01633,0.00334,0.16096
352,360448,-3.21976,202.0,0.0,0.24,0.896395,-0.00117,0.032595,0.001108,0.287812,0.009338,0.823359,32.599937,9.777251,31.482893,10.982199,4.0,0.00026919,3,563,0.08122,0.09277,0.63,1.0,0.0,,,-0.01,0.0104,9e-05,-0.00765,-0.00171,-0.00596
353,361472,31.12996,254.16667,0.5,0.26,0.944766,-0.003046,0.045706,0.002673,0.391813,0.031006,0.711299,29.696957,8.461261,30.477985,10.368246,4.0,0.0002691,6,528,0.12832,0.14495,0.62,0.66667,0.66667,,,-0.01,0.01203,-0.0001,-0.01339,-0.00131,0.26004
354,362496,31.12623,182.0,0.5,0.27,0.817902,-0.002073,0.036343,0.001431,0.290256,0.011536,0.75908,32.199085,9.317102,32.527935,10.226983,4.0,0.00026902,2,614,0.10701,0.11107,0.6,1.0,0.0,,,-0.01,0.00891,0.0004,-0.00987,0.00235,0.10296
355,363520,16.20705,236.85714,0.28571,0.28,1.057911,-0.002389,0.044824,0.002917,0.282383,0.027893,0.645924,30.153872,7.068072,29.773222,9.146154,4.0,0.00026893,7,482,0.13147,0.15117,0.57,1.0,0.2,,,-0.01,0.0118,0.00118,-0.01555,-0.00028,0.1577
356,364544,28.55363,189.5,0.5,0.27,0.844932,-0.002155,0.035556,0.001819,0.280804,0.020264,0.764127,31.565451,9.160968,32.014046,10.097125,4.0,0.00026884,2,647,0.11111,0.12915,0.57,1.0,0.0,,,-0.01,0.00963,0.00068,-0.01393,0.00117,0.10103
357,365568,16.14585,283.14286,0.28571,0.28,0.992978,-0.002865,0.018159,0.002838,0.336587,0.035522,0.859211,33.744232,8.382321,34.500919,9.289373,4.0,0.00026875,7,542,0.15468,0.16491,0.57,1.0,0.54545,,,-0.01,0.01073,-0.00065,-0.01183,3e-05,0.17267
358,366592,32.43937,156.5,0.5,0.29,0.74435,-0.002102,0.047989,0.001538,0.230955,0.014832,0.687596,32.895306,8.91602,32.712318,10.147264,4.0,0.00026867,2,486,0.10961,0.12638,0.55,1.0,0.0,,,-0.01,0.01239,-0.00096,-0.00875,-2e-05,0.10855
359,367616,25.33895,258.0,0.4,0.29,0.798578,-0.003133,0.031829,0.002268,0.316292,0.023315,0.758841,32.971138,8.238249,33.826557,9.545889,4.0,0.00026858,5,579,0.10553,0.11858,0.55,0.8,0.0,,,-0.01,0.01097,9e-05,-0.01145,0.00148,0.20822
360,368640,14.74073,228.0,0.25,0.3,0.860449,-0.003048,0.027911,0.003184,0.280751,0.045471,0.692506,30.620903,7.165102,30.384621,7.860902,4.0,0.00026849,4,542,0.11447,0.13162,0.53,0.75,0.0,,,-0.01,0.01482,-0.00012,-0.00798,-0.00084,0.09985
361,369664,-2.51192,247.33333,0.0,0.28,0.754482,-0.003855,0.014546,0.003989,0.230837,0.061279,0.854038,35.483082,7.430484,34.935555,8.019608,4.0,0.0002684,3,692,0.12084,0.12693,0.54,1.0,1.0,,,-0.01,0.00766,-0.00161,-0.00887,-0.00023,-0.00375
362,370688,-1.75663,274.8,0.0,0.27,0.974797,-0.001906,0.019611,0.002146,0.2563,0.021179,0.785402,33.799515,6.772752,33.09359,7.822814,4.0,0.00026831,5,547,0.11902,0.1352,0.55,1.0,0.875,,,-0.01,0.01306,-0.00027,-0.0109,-0.00108,-0.0027
363,371712,33.34464,232.0,0.5,0.27,0.737189,-0.004107,0.021808,0.004384,0.266405,0.067505,0.800136,33.592804,8.031322,34.183617,8.612592,4.0,0.00026823,2,682,0.10054,0.10281,0.55,1.0,0.5,,,-0.01,0.0099,-0.00122,-0.00573,0.00335,0.1221
364,372736,-1.55546,276.28571,0.0,0.26,0.902634,-0.002961,0.018598,0.003474,0.3157,0.034241,0.851599,32.78788,8.423508,31.853504,8.996646,4.0,0.00026814,7,604,0.11665,0.12456,0.55,1.0,0.8,,,-0.01,0.01282,-0.00087,-0.00727,-6e-05,-0.00316
365,373760,20.59222,192.0,0.33333,0.25,1.110328,-0.00274,0.036485,0.003336,0.230577,0.046387,0.624645,31.11721,6.249592,31.053207,8.182709,4.0,0.00026805,3,519,0.1114,0.12363,0.55,1.0,1.0,,,-0.01,0.01046,-6e-05,-0.0101,0.00196,0.08358
366,374784,10.89086,258.4,0.2,0.25,1.08755,-0.002251,0.026951,0.003847,0.257263,0.050049,0.808984,33.351128,8.71518,33.087891,9.811655,4.0,0.00026796,5,572,0.10643,0.1113,0.55,0.8,0.28571,,,-0.01,0.00876,0.00047,-0.00728,0.0012,0.0857
367,375808,-0.49157,300.0,0.0,0.25,1.230967,-0.003429,0.008567,0.003818,0.2647,0.04071,0.836006,31.065943,5.982033,31.029007,5.877534,4.0,0.00026788,3,473,0.1463,0.15968,0.57,0.66667,0.71429,,,-0.01,0.01263,-0.00039,-0.00857,0.00277,0.0
368,376832,21.3992,208.33333,0.33333,0.26,0.917176,-0.003617,0.032125,0.00284,0.299304,0.040833,0.685962,31.970287,6.812051,31.707701,8.219883,4.0,0.00026779,3,585,0.11324,0.12534,0.57,0.66667,0.5,,,-0.01,0.01247,0.00093,-0.01152,-0.00029,0.10246
369,377856,14.985,282.0,0.25,0.27,1.038549,-0.001979,0.023284,0.003618,0.276027,0.051086,0.596903,30.840038,6.150856,31.633823,6.594087,4.0,0.0002677,4,609,0.14281,0.14352,0.56,0.75,0.375,,,-0.01,0.0125,9e-05,-0.00724,0.00276,0.09214
370,378880,15.21251,207.0,0.25,0.28,1.092249,-0.001298,0.074539,0.002149,0.281566,0.012329,0.458984,31.375034,5.722868,30.974043,9.886217,4.0,0.00026761,8,606,0.17889,0.18975,0.52,0.875,0.33333,,,-0.01,0.01524,-0.00121,-0.0107,-0.00317,0.17604
371,379904,-2.15819,177.0,0.0,0.27,0.789627,-0.002684,0.050265,0.001907,0.416899,0.016724,0.631846,26.644503,8.884991,24.808235,9.569649,4.0,0.00026752,4,548,0.1219,0.13104,0.5,1.0,1.0,,,-0.01,0.01843,0.00024,-0.00302,-0.00422,-0.01045
372,380928,24.54362,212.0,0.4,0.26,0.838376,-0.001124,0.061764,0.002361,0.197273,0.023376,0.428881,26.213326,5.950984,26.041599,8.373832,4.0,0.00026744,5,564,0.1581,0.17063,0.51,0.8,0.0,,,-0.01,0.01511,-0.00208,-0.00858,-4e-05,0.21616
373,381952,-0.78449,300.0,0.0,0.25,0.717537,-0.003416,0.007066,0.001531,0.253349,0.020264,0.936371,28.004139,8.685523,28.050146,8.609435,4.0,0.00026735,2,626,0.10776,0.10677,0.52,1.0,1.0,,,-0.01,0.00963,-0.00225,-0.00105,0.00121,0.0
374,382976,20.33413,243.5,0.33333,0.25,1.099244,-0.00275,0.05131,0.004072,0.305776,0.06488,0.552736,27.549788,6.701951,28.078072,8.719103,4.0,0.00026726,6,530,0.16238,0.16821,0.52,0.66667,1.0,,,-0.01,0.01249,-0.00075,-0.00756,-0.00053,0.17294
375,384000,-2.22428,191.8,0.0,0.24,1.168826,-0.002227,0.028971,0.003228,0.363805,0.02179,0.759883,27.997818,7.666773,26.51034,9.354847,4.0,0.00026717,5,523,0.1648,0.16864,0.52,0.8,1.0,,,-0.01,0.01186,-0.00105,-0.00594,-0.002,-0.00768
376,385024,33.78639,230.5,0.5,0.24,1.113871,-0.00248,0.05484,0.002799,0.459827,0.028748,0.617574,26.518906,8.533188,27.823048,10.192507,4.0,0.00026709,4,523,0.14798,0.16199,0.52,1.0,1.0,,,-0.01,0.01354,-0.00106,-0.00618,0.00026,0.17614
377,386048,-2.1862,221.25,0.0,0.22,0.819039,-0.00272,0.030386,0.002718,0.347643,0.032227,0.701483,25.195107,6.981134,24.51055,7.917548,4.0,0.000267,4,573,0.14911,0.15908,0.53,0.75,1.0,,,-0.01,0.01366,-0.00054,-0.00622,-0.00271,-0.00694
378,387072,20.25244,293.66667,0.33333,0.21,1.10529,-0.00226,0.012797,0.003463,0.203618,0.041504,0.818032,26.685349,6.045953,26.945942,6.684934,4.0,0.00026691,3,550,0.17687,0.18059,0.55,0.66667,1.0,,,-0.01,0.01292,-0.00031,-0.00323,0.00313,0.08326
379,388096,18.56183,220.85714,0.28571,0.22,1.300698,-0.002556,0.069615,0.002274,0.253494,0.021057,0.241467,24.714127,4.696861,25.046482,7.969006,4.0,0.00026682,7,521,0.20747,0.22177,0.54,0.57143,0.0,,,-0.01,0.01575,-0.00132,-0.00814,6e-05,0.15285
380,389120,32.88909,150.5,0.5,0.23,1.043005,-0.003743,0.038125,0.004515,0.299879,0.066528,0.565177,29.615427,6.028941,30.330254,7.633658,4.0,0.00026673,2,494,0.1306,0.13274,0.52,0.5,1.0,,,-0.01,0.01122,-0.00072,-0.00253,0.00149,0.09488
381,390144,14.18133,246.75,0.25,0.21,1.242605,-0.004372,0.04806,0.005833,0.337924,0.085754,0.599544,27.488752,6.183947,27.249287,8.827728,4.0,0.00026665,8,483,0.20143,0.20641,0.53,0.875,1.0,,,-0.01,0.01465,-0.0019,-0.00815,-0.00327,0.15131
382,391168,64.27728,217.0,1.0,0.22,0.989138,-0.002294,0.032915,0.003376,0.300646,0.043762,0.53787,27.27202,6.481388,28.3008,6.902751,4.0,0.00026656,1,537,0.16711,0.16749,0.52,1.0,0.0,,,-0.01,0.01176,-0.00188,-0.00789,0.00134,0.09882
383,392192,38.64006,234.0,0.625,0.25,1.285386,-0.002827,0.063772,0.00323,0.497079,0.034302,0.533919,28.141582,5.97382,30.057323,9.953614,4.0,0.00026647,8,539,0.21339,0.22628,0.5,0.625,0.83333,,,-0.01,0.01358,-0.00242,-0.01054,0.00014,0.38882
384,393216,32.14195,151.0,0.5,0.26,1.209843,-0.004848,0.045433,0.007151,0.349316,0.111877,0.535814,29.742823,6.808576,30.603254,7.915792,4.0,0.00026638,2,532,0.22466,0.23112,0.48,0.5,1.0,,,-0.01,0.01419,-0.0006,-0.00761,0.0014,0.08722
385,394240,36.26644,215.28571,0.57143,0.29,1.146355,-0.004356,0.050993,0.005688,0.343897,0.097229,0.648396,30.598789,7.127808,31.800119,9.645385,4.0,0.0002663,7,495,0.24086,0.24286,0.45,0.28571,0.72222,,,-0.01,0.01792,-0.00235,-0.00756,-0.00226,0.34558
386,395264,44.68966,160.66667,0.66667,0.33,1.223087,-0.003638,0.061776,0.00408,0.535343,0.055542,0.643166,29.725555,7.153245,31.984562,10.560534,4.0,0.00026621,6,534,0.24466,0.24937,0.41,0.5,0.91667,,,-0.01,0.01966,-0.00286,-0.01231,-0.00028,0.34033
387,396288,66.58969,175.0,1.0,0.37,1.043711,-0.003918,0.044279,0.004174,0.651576,0.054443,0.813782,35.674351,10.223835,38.923019,11.890102,4.0,0.00026612,6,490,0.18185,0.1815,0.39,0.5,1.0,,,-0.01,0.01765,-0.00086,-0.00874,0.00461,0.55786
388,397312,53.75753,198.8,0.8,0.41,1.082504,-0.006449,0.039979,0.004794,0.622235,0.068909,0.801854,35.866955,10.375685,38.53022,10.910747,4.0,0.00026603,5,507,0.18209,0.18476,0.35,0.2,1.0,,,-0.01,0.01675,-0.00045,-0.01187,0.00172,0.35777
389,398336,60.24238,113.5,0.875,0.46,1.009367,-0.003661,0.083298,0.002837,0.833541,0.040283,0.67448,36.459072,9.331299,40.103722,12.258618,4.0,0.00026594,8,522,0.17941,0.1981,0.31,0.375,0.6,,,-0.01,0.02103,-0.00187,-0.00893,0.0015,0.68262
390,399360,46.71603,174.0,0.66667,0.48,0.996335,-0.005009,0.03767,0.005229,0.67559,0.074951,0.744335,43.577763,9.336613,46.590027,9.336095,4.0,0.00026586,6,531,0.14842,0.1595,0.3,0.66667,0.5,,,-0.01,0.01536,-0.00097,-0.01048,0.00615,0.3769
391,400384,59.54772,165.875,0.875,0.54,1.203699,-0.006115,0.035898,0.004483,0.750023,0.061462,0.744276,46.957367,10.019401,50.363365,9.236666,4.0,0.00026577,8,529,0.14752,0.16068,0.3,0.125,0.86957,,,-0.01,0.01559,-0.00157,-0.01207,0.00733,0.57193
392,401408,60.31133,118.5,0.875,0.58,1.158459,-0.002082,0.070908,0.001971,0.450015,0.023071,0.394186,52.931164,7.102299,54.300106,8.672718,4.0,0.00026568,8,472,0.11963,0.13182,0.25,0.125,0.85714,,,-0.01,0.0162,-0.00012,-0.01309,0.00205,0.56156
393,402432,68.36205,143.16667,1.0,0.64,1.081919,-0.004357,0.020511,0.0055,0.391905,0.06897,0.527825,54.515968,5.466448,55.766449,5.406107,4.0,0.00026559,6,499,0.111,0.1264,0.23,0.0,0.69231,,,-0.01,0.01459,0.00156,-0.00927,0.00468,0.52698
394,403456,49.95894,128.2,0.7,0.68,1.049459,-0.002446,0.068461,0.002041,0.261026,0.018921,0.209219,56.340431,3.87227,56.916191,7.657665,4.0,0.00026551,10,469,0.12897,0.1469,0.2,0.5,0.58333,,,-0.01,0.01821,-0.00017,-0.01069,0.00294,0.62523
395,404480,60.56005,121.33333,0.88889,0.74,1.209142,-0.003591,0.066698,0.003666,0.255701,0.036621,0.197186,57.222996,3.832677,57.310318,7.669402,4.0,0.00026542,9,498,0.17324,0.17579,0.15,0.22222,0.57143,,,-0.01,0.01713,-0.00141,-0.01369,0.00367,0.62478
396,405504,60.30194,114.0,0.875,0.78,1.264421,-0.003024,0.064037,0.003217,0.233915,0.042847,0.283635,58.631302,4.549625,58.597916,7.756337,4.0,0.00026533,8,476,0.1605,0.16961,0.12,0.125,1.0,,,-0.01,0.01552,-0.00109,-0.0123,0.00327,0.53602
