iteration,env_steps,ep_return,ep_length,success_rate,success_rate_rolling,entropy,policy_loss,value_loss,approx_kl,sps,tx_per_agent_step,comp_time,comp_compliance,comp_report,comp_command,comp_combat,comp_terminal
1,1024,59.06891,104.0,1.0,1.0,1.702966,-0.003143,14.904376,0.002974,1866,0.1365,-0.01,0.00839,0.00156,0.0066,-0.03355,0.06078
2,2048,29.56867,175.16667,1.0,1.0,1.709514,-0.001457,11.983655,0.002113,2259,0.15512,-0.01,0.00663,-0.00152,0.0049,-0.00296,0.26805
3,3072,30.48316,156.85714,1.0,1.0,1.679357,-0.000687,14.640921,0.001183,2094,0.1468,-0.01,0.00827,-0.00017,0.00527,0.00113,0.28172
4,4096,39.91088,122.16667,1.0,1.0,1.692772,0.053335,18.473105,0.001554,2283,0.15216,-0.01,0.00759,-0.00276,0.00498,-0.02891,0.3304
5,5120,28.82659,213.83333,1.0,1.0,1.7144,-5.9e-05,12.583938,0.000975,2265,0.1561,-0.01,0.00682,-0.00137,0.00544,0.00123,0.2684
6,6144,30.9834,182.83333,0.83333,0.96875,1.59988,0.17618,20.244236,0.000614,2202,0.15402,-0.01,0.00701,-0.0004,0.00589,0.00235,0.2439
7,7168,35.69292,133.0,0.85714,0.94872,1.69503,-0.000515,15.687432,0.001416,1947,0.14441,-0.01,0.00765,0.00055,0.00508,-0.00259,0.2834
8,8192,32.93819,193.0,0.85714,0.93478,1.707905,-0.000316,17.654961,0.000626,1988,0.14377,-0.01,0.00712,-0.00177,0.00587,0.00228,0.27094
9,9216,39.29417,150.66667,1.0,0.94231,1.684943,-0.000321,17.801,0.00087,1911,0.14417,-0.01,0.00691,0.001,0.0056,-0.02756,0.28667
10,10240,25.03635,143.5,1.0,0.94643,1.660024,0.000305,15.242816,0.000831,2242,0.15145,-0.01,0.00679,0.00044,0.00557,-0.05646,0.15862
11,11264,24.69677,207.66667,1.0,0.95161,1.692898,-0.001053,18.612728,0.000368,2021,0.14224,-0.01,0.00733,0.00018,0.00519,-0.02209,0.20367
12,12288,34.32554,157.71429,1.0,0.95652,1.703243,-0.008286,15.277812,0.000899,2188,0.13852,-0.01,0.0065,0.00149,0.00526,-0.04659,0.32483
13,13312,51.40802,140.33333,1.0,0.95833,1.713854,-0.017615,11.056214,0.001958,2560,0.16542,-0.01,0.00632,-0.00758,0.00461,0.00382,0.24019
14,14336,23.64041,251.6,0.8,0.94805,1.717232,-0.002288,13.724749,0.000978,2699,0.16049,-0.01,0.00613,-0.00178,0.00527,-0.02987,0.22895
15,15360,-0.46103,271.4,0.2,0.90244,1.698541,-0.032074,28.011855,0.001442,2502,0.15351,-0.01,0.00672,-0.00327,0.00519,-0.02922,0.07161
16,16384,43.51565,167.8,1.0,0.90805,1.695383,-0.000929,12.164378,0.000731,2159,0.14052,-0.01,0.00565,0.00069,0.00619,0.00454,0.2662
17,17408,25.9127,260.33333,0.66667,0.9,1.698544,-0.000445,10.423144,0.001344,2372,0.15446,-0.01,0.00551,-5e-05,0.0053,0.00273,0.13137
18,18432,34.49383,228.0,1.0,0.90426,1.679411,-0.000886,21.012682,0.0008,2275,0.15217,-0.01,0.00559,-0.00254,0.00554,-0.05727,0.18102
19,19456,16.56278,262.5,0.66667,0.89,1.631158,-0.010139,8.367108,0.001933,2140,0.1397,-0.01,0.00597,0.00144,0.00542,0.00259,0.18063
20,20480,33.01305,194.33333,1.0,0.89,1.702058,-0.000202,17.996828,0.002063,2182,0.14114,-0.01,0.00648,0.00024,0.00555,-0.03202,0.25613
21,21504,42.79483,181.0,1.0,0.89,1.725028,-0.002141,15.98933,0.000876,2367,0.14362,-0.01,0.00508,0.0018,0.0065,0.00368,0.22912
22,22528,22.8725,242.5,1.0,0.89,1.728605,-0.001672,9.306854,0.001343,2247,0.14482,-0.01,0.00595,0.00037,0.00624,-5e-05,0.15469
23,23552,22.95654,218.0,1.0,0.89,1.73216,-0.03028,17.616654,0.001878,2574,0.1638,-0.01,0.00495,-0.00359,0.00556,-0.0178,0.10772
24,24576,22.15176,312.2,0.8,0.88,1.701823,-0.000881,8.7997,0.001284,2260,0.14716,-0.01,0.00548,-4e-05,0.0053,0.00426,0.14685
25,25600,30.93727,214.5,1.0,0.88,1.666834,-0.000328,8.109238,0.00054,2203,0.14028,-0.01,0.00568,0.00043,0.00634,-5e-05,0.16673
26,26624,23.98963,240.0,1.0,0.89,1.666066,-0.061357,12.697723,0.002351,2369,0.1535,-0.01,0.00492,0.00025,0.00426,1e-05,0.17254
27,27648,15.91346,223.0,0.75,0.89,1.725043,0.004131,8.29076,0.00202,2101,0.13761,-0.01,0.00502,0.00153,0.00515,-0.02319,0.1009
28,28672,21.57748,228.4,0.6,0.87,1.698863,-0.001601,9.665221,0.002079,2213,0.142,-0.01,0.00559,0.00124,0.00561,-0.01019,0.14875
29,29696,41.43649,227.25,1.0,0.88,1.787958,0.04672,13.907359,0.002074,2185,0.14533,-0.01,0.00603,0.00303,0.00649,-0.0132,0.20901
30,30720,28.707,204.0,0.75,0.87,1.733055,0.038317,13.060162,0.001426,2240,0.14176,-0.01,0.0058,0.0009,0.00578,-0.06027,0.16
31,31744,33.42856,217.71429,1.0,0.87,1.715002,0.034958,25.685982,0.001815,2202,0.14652,-0.01,0.00654,0.00076,0.00517,0.00215,0.34469
32,32768,-22.62444,316.0,0.0,0.86,1.686806,-9.4e-05,21.590029,0.000168,2477,0.16642,-0.01,0.00701,-0.00011,0.0046,-0.10161,-0.00043
33,33792,25.56381,200.8,1.0,0.86,1.696922,-0.012536,16.613425,0.001223,2494,0.15592,-0.01,0.00616,0.0,0.00521,-0.07867,0.23288
34,34816,11.332,241.14286,0.71429,0.84,1.713991,0.000621,22.917084,0.00188,2613,0.16182,-0.01,0.00631,-0.00031,0.00585,-0.02903,0.28527
35,35840,15.31153,278.0,0.66667,0.83,1.719259,-0.046538,11.503654,0.001147,2244,0.16023,-0.01,0.00638,0.00065,0.00542,-0.01537,0.08288
36,36864,36.29127,186.2,1.0,0.84,1.737305,0.094902,9.462565,0.003983,2350,0.14986,-0.01,0.00582,0.00028,0.00512,0.00391,0.25436
37,37888,24.78822,181.8,0.8,0.86,1.744127,-0.012354,11.686083,0.001499,2214,0.15155,-0.01,0.00668,0.00056,0.0066,-0.01386,0.17168
38,38912,33.78076,230.0,0.75,0.86,1.72051,-0.001306,14.710311,0.001339,2244,0.15091,-0.01,0.00574,-0.00076,0.00477,-0.01092,0.19511
39,39936,30.88372,247.66667,0.83333,0.86,1.723426,-0.000532,11.909564,0.000554,2309,0.15236,-0.01,0.00593,0.00017,0.00514,0.0017,0.26238
40,40960,41.07365,149.5,1.0,0.86,1.623743,0.033599,15.176947,0.000582,2370,0.15016,-0.01,0.00577,-0.00066,0.00497,-0.03496,0.11493
41,41984,6.40877,326.6,0.6,0.85,1.64104,-0.001892,7.761487,0.001219,2216,0.15043,-0.01,0.00665,7e-05,0.00507,0.00068,0.09128
42,43008,27.63378,177.5,0.75,0.85,1.624482,-0.002362,12.133413,0.002153,2018,0.14707,-0.01,0.00554,0.00219,0.00507,-0.0112,0.14274
43,44032,31.5496,245.71429,0.85714,0.84,1.68925,-0.06579,23.96713,0.001833,2095,0.14683,-0.01,0.0079,0.00063,0.00448,0.00407,0.28249
44,45056,35.71572,188.0,1.0,0.84,1.77794,-0.000961,20.668833,0.000892,2235,0.15831,-0.01,0.00467,-0.00082,0.00498,0.00244,0.09338
45,46080,39.90637,230.0,1.0,0.84,1.787738,0.000127,13.099622,0.00268,2547,0.17448,-0.01,0.00491,0.00018,0.00496,-0.03787,0.05975
46,47104,14.28782,328.4,0.6,0.82,1.700535,-0.001581,9.411193,0.001019,2489,0.16043,-0.01,0.00623,-0.0037,0.00458,-0.01956,0.15773
47,48128,25.0696,247.83333,0.83333,0.82,1.674899,-0.001231,20.303095,0.001457,2146,0.151,-0.01,0.00772,-0.00059,0.00505,-0.02588,0.21741
48,49152,35.60248,152.0,1.0,0.82,1.658655,-0.031567,19.025308,0.001605,2042,0.1418,-0.01,0.0077,-4e-05,0.00465,-0.02148,0.28364
49,50176,23.5519,210.85714,0.85714,0.82,1.726522,-0.025686,10.194025,0.000951,2088,0.14234,-0.01,0.0075,-0.00094,0.0053,-0.02425,0.25966
50,51200,40.9509,143.66667,1.0,0.84,1.626448,-0.000579,22.099608,0.000647,2000,0.1419,-0.01,0.00873,0.00098,0.00534,-0.05182,0.28111
51,52224,23.86221,162.8,0.8,0.84,1.64921,0.000661,16.563512,0.001276,2141,0.15298,-0.01,0.00802,-0.00126,0.00513,0.00191,0.20582
52,53248,28.7511,210.0,1.0,0.84,1.739826,0.004077,22.748736,0.003647,2326,0.159,-0.01,0.00594,-0.00339,0.00512,-0.03092,0.16256
53,54272,27.6493,176.0,0.75,0.83,1.806324,0.005129,18.804834,0.007538,2475,0.17055,-0.01,0.00457,-0.00094,0.00514,0.00285,0.18025
54,55296,15.55677,435.0,0.5,0.83,1.806283,0.020485,10.077727,0.001105,2353,0.16407,-0.01,0.00638,-0.00086,0.00493,-0.0023,0.04764
55,56320,6.28929,305.25,0.25,0.8,1.760821,0.000414,29.263566,0.001535,2521,0.15742,-0.01,0.00604,-0.00343,0.00563,-0.09334,0.08777
56,57344,19.47183,184.75,0.75,0.79,1.77985,-0.029065,16.164328,0.000387,2401,0.16123,-0.01,0.00617,0.00128,0.00529,-0.00696,0.15625
57,58368,-5.8483,364.0,0.0,0.78,1.723537,0.000182,6.325584,0.001058,2265,0.15683,-0.01,0.00681,-0.00127,0.00546,-0.00872,-0.00039
58,59392,-8.96654,249.0,0.0,0.77,1.822049,-0.001781,4.326465,0.001648,2907,0.19014,-0.01,0.00309,-0.00583,0.00384,-0.01517,-0.0005
59,60416,22.91627,311.8,0.6,0.75,1.748553,-0.001809,13.467317,0.000785,2521,0.16743,-0.01,0.00545,-0.00369,0.00451,0.00214,0.17557
60,61440,7.90112,387.25,0.25,0.72,1.757402,-0.001105,8.138467,0.000433,2399,0.15981,-0.01,0.00504,-0.00394,0.00505,0.00246,0.05497
61,62464,37.17817,266.0,1.0,0.73,1.727002,-0.167986,39.550541,0.001777,2215,0.15656,-0.01,0.00553,-0.00587,0.00463,-0.05105,0.09496
62,63488,nan,nan,0.0,0.73,1.843803,-0.002278,1.921969,0.00124,2623,0.17554,-0.01,0.00217,-0.01221,0.0051,0.00214,0.0
63,64512,-4.99785,450.0,0.0,0.71,1.816162,-0.001588,1.570665,0.000883,2537,0.16677,-0.01,0.0045,-0.00695,0.00503,0.00356,0.0
64,65536,-8.18852,450.0,0.0,0.66,1.793867,-0.001829,1.381143,0.001222,2048,0.14216,-0.01,0.00624,-0.00117,0.005,0.00093,0.0
65,66560,40.98227,138.0,1.0,0.67,1.77936,-0.001781,10.458264,0.002686,2298,0.15369,-0.01,0.00431,-0.00161,0.00547,0.00071,0.05087
66,67584,0.34973,450.0,0.0,0.65,1.788672,0.053487,0.967143,0.002851,2482,0.15502,-0.01,0.00303,-0.00124,0.00489,0.00131,0.0
67,68608,-0.06744,450.0,0.0,0.63,1.729357,-0.00155,0.667013,0.002706,2340,0.15027,-0.01,0.00475,0.00107,0.00465,0.0022,0.0
68,69632,-0.44274,450.0,0.0,0.61,1.744257,0.00869,0.745955,0.003561,2236,0.14093,-0.01,0.00488,-0.00207,0.00457,0.00095,0.0
69,70656,nan,nan,0.0,0.61,1.696346,-0.002701,0.753898,0.004125,2201,0.13536,-0.01,0.00457,-0.00381,0.00484,0.00065,0.0
70,71680,0.21757,450.0,0.0,0.59,1.6603,-0.001127,3.707415,0.002377,2249,0.13381,-0.01,0.00531,-2e-05,0.00429,-0.03268,0.0
71,72704,-0.31828,450.0,0.0,0.57,1.694588,-0.003184,0.313723,0.003126,1978,0.12279,-0.01,0.00481,0.00047,0.00548,-3e-05,0.0
72,73728,0.0024,450.0,0.0,0.55,1.608227,-0.212613,0.174024,0.006331,1912,0.12209,-0.01,0.00544,0.00023,0.00648,0.00144,0.0
73,74752,-11.98453,450.0,0.0,0.53,1.709155,-0.018946,0.099214,0.006487,1804,0.12421,-0.01,0.00659,2e-05,0.00597,0.00039,0.0
74,75776,1.63674,450.0,0.0,0.5,1.744705,-0.000762,0.110686,0.006218,1795,0.12292,-0.01,0.0068,0.00029,0.00623,6e-05,0.0
75,76800,1.57703,450.0,0.0,0.48,1.776195,-0.104579,0.092646,0.004493,1871,0.12108,-0.01,0.00445,0.00013,0.00653,0.00115,0.0
76,77824,nan,nan,0.0,0.48,1.737702,-0.002318,0.064383,0.004612,1954,0.125,-0.01,0.00404,0.00015,0.00636,0.0002,0.0
77,78848,1.703,450.0,0.0,0.46,1.72839,-0.001076,0.076913,0.001679,1918,0.124,-0.01,0.00331,0.00021,0.00643,0.00038,0.0
78,79872,0.13234,450.0,0.0,0.44,1.7353,-0.001071,0.063322,0.001811,1866,0.12195,-0.01,0.00328,0.00019,0.00641,0.00079,0.0
79,80896,0.39223,450.0,0.0,0.42,1.741488,-0.001247,0.082526,0.001779,1920,0.12317,-0.01,0.0037,2e-05,0.00627,-0.00086,0.0
80,81920,0.21829,450.0,0.0,0.4,1.784733,-0.02975,0.032805,0.005521,2002,0.12901,-0.01,0.00409,-0.00037,0.00595,0.0,0.0
81,82944,0.64467,450.0,0.0,0.37,1.759028,-0.002453,0.038237,0.003261,1934,0.12733,-0.01,0.0042,-0.00016,0.00621,0.00084,0.0
82,83968,-0.96368,450.0,0.0,0.35,1.758665,-0.002156,0.051673,0.003762,1912,0.1292,-0.01,0.00461,0.00033,0.00615,0.00048,0.0
83,84992,-1.08083,450.0,0.0,0.34,1.775807,-0.002679,0.034316,0.003177,1884,0.1267,-0.01,0.00376,0.00037,0.00698,0.00074,0.0
84,86016,0.89036,450.0,0.0,0.32,1.755984,-0.002188,0.037032,0.002743,1874,0.12412,-0.01,0.00436,0.00016,0.00669,0.00077,0.0
85,87040,0.91421,450.0,0.0,0.29,1.76499,0.034098,0.030291,0.004337,1851,0.12533,-0.01,0.00549,0.00033,0.00685,0.00058,0.0
86,88064,0.14924,450.0,0.0,0.27,1.813391,-0.003443,0.042561,0.005263,1847,0.12404,-0.01,0.0062,5e-05,0.00709,0.00041,0.0
87,89088,1.47976,450.0,0.0,0.25,1.782364,0.061697,0.099212,0.004875,1879,0.13234,-0.01,0.00628,-0.0004,0.00596,-0.00083,0.0
88,90112,1.12121,450.0,0.0,0.23,1.794762,0.065615,0.07297,0.003483,1889,0.12743,-0.01,0.00465,-1e-05,0.00607,-0.00079,0.0
89,91136,0.93216,450.0,0.0,0.21,1.802297,-0.002415,0.033558,0.005344,1931,0.12779,-0.01,0.00469,5e-05,0.00625,0.00172,0.0
90,92160,0.4781,450.0,0.0,0.2,1.788878,-0.075749,0.020138,0.005637,1912,0.12732,-0.01,0.00562,0.00012,0.00685,0.00038,0.0
91,93184,0.43449,450.0,0.0,0.18,1.801332,0.048261,0.022197,0.005901,1852,0.12899,-0.01,0.00737,9e-05,0.00663,0.00025,0.0
92,94208,1.46812,450.0,0.0,0.14,1.813984,-0.089842,0.037416,0.00344,1805,0.13302,-0.01,0.00723,-0.00021,0.0069,-0.00013,0.0
93,95232,2.03965,450.0,0.0,0.13,1.818503,-0.000956,0.026049,0.000913,1910,0.13426,-0.01,0.0065,-0.00011,0.00653,0.00084,0.0
94,96256,1.21781,450.0,0.0,0.11,1.819913,-0.001374,0.054866,0.000848,1934,0.13612,-0.01,0.00497,-0.00014,0.00666,-0.00046,0.0
95,97280,0.853,450.0,0.0,0.11,1.782131,-0.003337,0.024318,0.002967,1845,0.13487,-0.01,0.00547,-0.00015,0.00671,0.00112,0.0
96,98304,1.35595,450.0,0.0,0.1,1.699023,-0.127402,0.024122,0.001758,1818,0.13022,-0.01,0.00524,1e-05,0.00685,0.00117,0.0
97,99328,1.62126,450.0,0.0,0.09,1.713339,-0.003104,0.018541,0.004218,1836,0.13122,-0.01,0.00425,-5e-05,0.0068,0.00039,0.0
98,100352,1.0667,450.0,0.0,0.07,1.694304,-0.003745,0.020189,0.004446,1824,0.13218,-0.01,0.00554,-0.00028,0.00761,0.00037,0.0
99,101376,0.74537,450.0,0.0,0.07,1.703651,-0.002711,0.02382,0.003645,1718,0.12731,-0.01,0.00508,0.00021,0.00705,0.0011,0.0
100,102400,2.18842,450.0,0.0,0.07,1.65412,0.050698,0.023711,0.006261,1747,0.13298,-0.01,0.0064,-0.00014,0.00704,0.00077,0.0
101,103424,1.22395,450.0,0.0,0.05,1.649292,-0.003462,0.017694,0.0031,1762,0.12658,-0.01,0.00564,3e-05,0.00704,0.0,0.0
102,104448,1.76955,450.0,0.0,0.04,1.614583,-0.001298,0.019612,0.001322,1740,0.12457,-0.01,0.00645,-6e-05,0.00707,0.00078,0.0
103,105472,1.03983,450.0,0.0,0.03,1.641529,0.001879,0.030646,0.003865,1785,0.12877,-0.01,0.00518,0.00019,0.00674,0.00043,0.0
104,106496,1.54112,450.0,0.0,0.03,1.733305,-0.182425,0.022842,0.001499,1783,0.13481,-0.01,0.00509,0.00015,0.00667,2e-05,0.0
105,107520,2.1762,450.0,0.0,0.02,1.664845,0.01029,0.029955,0.001669,1861,0.13692,-0.01,0.00652,-0.0002,0.00641,-0.00042,0.0
106,108544,0.65339,450.0,0.0,0.01,1.669277,0.039665,0.020841,0.002869,1865,0.1443,-0.01,0.00626,-0.0006,0.0064,0.00087,0.0
107,109568,0.87681,450.0,0.0,0.01,1.690118,-0.001536,0.039763,0.001307,1902,0.1466,-0.01,0.00612,-0.0006,0.00659,-6e-05,0.0
108,110592,-0.75469,450.0,0.0,0.01,1.703907,-0.00329,0.029284,0.00441,1858,0.1446,-0.01,0.00678,-0.00068,0.00571,-0.00036,0.0
109,111616,1.63667,450.0,0.0,0.0,1.67863,-0.001885,0.030411,0.001315,1742,0.13231,-0.01,0.00612,2e-05,0.00711,0.00096,0.0
110,112640,2.30698,450.0,0.0,0.0,1.676945,-0.002582,0.030623,0.002524,1803,0.13119,-0.01,0.00692,1e-05,0.0062,0.00075,0.0
111,113664,0.81015,450.0,0.0,0.0,1.706812,-0.001417,0.052294,0.00122,1920,0.13954,-0.01,0.00453,-0.00032,0.00659,2e-05,0.0
112,114688,1.80628,450.0,0.0,0.0,1.671969,-0.043567,0.041716,0.00267,2196,0.14958,-0.01,0.00508,-0.00068,0.00662,0.00065,0.0
113,115712,0.58632,450.0,0.0,0.0,1.676719,-0.002556,0.031356,0.002369,2184,0.13721,-0.01,0.00536,-0.00047,0.00619,0.00051,0.0
114,116736,-0.53128,450.0,0.0,0.0,1.710969,-0.001806,0.022181,0.000993,1949,0.13617,-0.01,0.0052,-0.00033,0.00706,0.00085,0.0
115,117760,0.26438,450.0,0.0,0.0,1.687701,-0.003209,0.031246,0.003158,1904,0.12567,-0.01,0.00392,-0.00011,0.00677,-0.00051,0.0
116,118784,1.1915,450.0,0.0,0.0,1.591338,0.033616,0.023652,0.001227,1856,0.11948,-0.01,0.00591,-1e-05,0.00713,0.00114,0.0
117,119808,1.0952,450.0,0.0,0.0,1.550451,-0.012528,0.022596,0.002641,1847,0.11925,-0.01,0.00634,0.00027,0.00705,0.00102,0.0
118,120832,2.55898,450.0,0.0,0.0,1.552323,-0.001806,0.019048,0.000827,1872,0.11502,-0.01,0.00529,6e-05,0.00703,0.00038,0.0
119,121856,1.5375,450.0,0.0,0.0,1.586775,-0.002145,0.02218,0.001797,1836,0.11704,-0.01,0.00741,0.00019,0.00635,0.00038,0.0
120,122880,2.09741,450.0,0.0,0.0,1.590278,-0.068275,0.033348,0.002588,1829,0.11977,-0.01,0.0063,0.00025,0.00674,0.00079,0.0
121,123904,0.96988,450.0,0.0,0.0,1.594131,-0.000964,0.021044,0.000738,1840,0.12044,-0.01,0.00593,0.00024,0.00671,0.00113,0.0
122,124928,1.67308,450.0,0.0,0.0,1.605969,-0.002123,0.018066,0.001026,1845,0.12262,-0.01,0.00636,7e-05,0.00691,0.0,0.0
123,125952,1.68303,450.0,0.0,0.0,1.544572,-0.001087,0.016369,0.000655,1787,0.11863,-0.01,0.00536,0.00012,0.00694,0.00116,0.0
124,126976,1.59679,450.0,0.0,0.0,1.463662,-0.003224,0.025181,0.002239,1823,0.11809,-0.01,0.00762,0.00023,0.00722,0.00113,0.0
125,128000,2.65702,450.0,0.0,0.0,1.40718,-0.003741,0.020835,0.004472,1869,0.11753,-0.01,0.00809,4e-05,0.00606,-0.00016,0.0
126,129024,2.82714,450.0,0.0,0.0,1.299285,-0.036153,0.023925,0.001675,1894,0.11781,-0.01,0.00826,0.00014,0.00621,-4e-05,0.0
127,130048,1.73517,450.0,0.0,0.0,1.410811,0.0924,0.021719,0.001137,1888,0.11256,-0.01,0.01077,0.00028,0.00636,-3e-05,0.0
128,131072,2.75311,450.0,0.0,0.0,1.37473,-0.000751,0.022905,0.001171,1871,0.10832,-0.01,0.00797,0.00037,0.00702,0.00096,0.0
129,132096,2.78394,450.0,0.0,0.0,1.407619,-0.001317,0.021957,0.000552,1895,0.11516,-0.01,0.00874,1e-05,0.00629,0.0,0.0
130,133120,1.88766,450.0,0.0,0.0,1.343125,0.01737,0.017699,0.000624,1810,0.1101,-0.01,0.00723,0.00016,0.00648,0.00013,0.0
131,134144,3.23838,450.0,0.0,0.0,1.369252,-0.02697,0.025279,0.001335,1827,0.1148,-0.01,0.00964,0.00023,0.00594,0.00111,0.0
132,135168,2.34218,450.0,0.0,0.0,1.370363,0.06136,0.029637,0.001186,1877,0.11883,-0.01,0.00635,2e-05,0.00566,-0.00032,0.0
133,136192,1.36174,450.0,0.0,0.0,1.360479,-0.009972,0.030607,0.001262,1854,0.11999,-0.01,0.00838,-5e-05,0.00546,0.00079,0.0
134,137216,2.01281,450.0,0.0,0.0,1.407541,-0.032288,0.032221,0.00183,1831,0.12187,-0.01,0.00944,-0.00013,0.0057,0.0011,0.0
135,138240,1.54863,450.0,0.0,0.0,1.38041,-0.003066,0.026617,0.00398,1839,0.12982,-0.01,0.00942,-0.00031,0.0061,0.00093,0.0
136,139264,2.57995,450.0,0.0,0.0,1.369697,-0.001012,0.021984,0.001034,1837,0.1196,-0.01,0.00862,-0.00034,0.00598,0.0,0.0
137,140288,2.2354,450.0,0.0,0.0,1.343514,-0.001541,0.026412,0.000667,1806,0.12316,-0.01,0.00915,-0.00023,0.00616,0.00074,0.0
138,141312,3.08861,450.0,0.0,0.0,1.307854,-0.001595,0.029129,0.000883,1815,0.12202,-0.01,0.00822,-1e-05,0.00544,0.00071,0.0
139,142336,2.20479,450.0,0.0,0.0,1.322071,-0.001364,0.02443,0.001848,1904,0.12747,-0.01,0.00739,-0.00039,0.00607,-0.0,0.0
140,143360,2.47229,450.0,0.0,0.0,1.310859,-0.001302,0.024124,0.000914,1914,0.12951,-0.01,0.00764,-0.00034,0.00602,0.00081,0.0
141,144384,0.6264,450.0,0.0,0.0,1.275057,-0.001372,0.031789,0.000621,1870,0.12574,-0.01,0.00874,-0.00046,0.00618,0.00017,0.0
142,145408,1.67147,450.0,0.0,0.0,1.297753,-0.019964,0.024658,0.001869,1824,0.1236,-0.01,0.00709,-0.00025,0.00585,0.00073,0.0
143,146432,4.19881,450.0,0.0,0.0,1.291564,-0.003733,0.025255,0.000655,1828,0.12092,-0.01,0.00782,-0.00031,0.00568,-1e-05,0.0
144,147456,1.5707,450.0,0.0,0.0,1.269096,-0.001558,0.025141,0.001194,1786,0.11943,-0.01,0.00742,-0.00018,0.00649,0.00038,0.0
145,148480,1.26516,450.0,0.0,0.0,1.29581,-0.000749,0.029623,0.000404,1822,0.10617,-0.01,0.0093,0.00045,0.00584,0.00154,0.0
146,149504,1.24711,450.0,0.0,0.0,1.326251,-0.040201,0.035062,0.000782,1850,0.10961,-0.01,0.00897,0.0002,0.00616,0.00013,0.0
147,150528,3.06169,450.0,0.0,0.0,1.281242,-0.001468,0.028727,0.000702,1833,0.10737,-0.01,0.01006,0.00013,0.00537,0.00039,0.0
148,151552,3.21383,450.0,0.0,0.0,1.253964,-0.002262,0.028793,0.001398,1834,0.10084,-0.01,0.01028,0.0002,0.00607,0.00049,0.0
149,152576,2.63698,450.0,0.0,0.0,1.296886,0.056219,0.027554,0.001996,1773,0.10165,-0.01,0.01129,0.00015,0.00571,0.00079,0.0
150,153600,2.23443,450.0,0.0,0.0,1.35149,-0.001187,0.028242,0.00099,1852,0.10229,-0.01,0.00895,0.0001,0.00552,0.00038,0.0
151,154624,2.38304,450.0,0.0,0.0,1.361364,-0.000586,0.036363,0.000283,1804,0.10846,-0.01,0.00998,3e-05,0.00619,0.00109,0.0
152,155648,3.0861,450.0,0.0,0.0,1.360781,0.071242,2.492748,0.000696,1840,0.10527,-0.01,0.00902,0.00029,0.0062,-0.0258,0.0
153,156672,-23.42278,450.0,0.0,0.0,1.401327,-0.001876,0.035724,0.002308,2032,0.10777,-0.01,0.0091,9e-05,0.00572,0.0005,0.0
154,157696,2.09203,450.0,0.0,0.0,1.434062,-0.001009,0.033141,0.000704,2014,0.10791,-0.01,0.00793,0.00015,0.00563,0.0013,0.0
155,158720,2.65903,450.0,0.0,0.0,1.455777,0.077301,0.029908,0.003261,1855,0.11303,-0.01,0.01041,0.00023,0.00596,0.00069,0.0
156,159744,2.2047,450.0,0.0,0.0,1.450285,-0.003561,0.028817,0.001216,1815,0.10548,-0.01,0.00951,0.00029,0.00606,0.00072,0.0
157,160768,2.93763,450.0,0.0,0.0,1.349284,-0.198617,0.034159,0.005424,1810,0.10793,-0.01,0.00999,-1e-05,0.00572,-0.00026,0.0
158,161792,3.29687,450.0,0.0,0.0,1.270207,-0.000488,0.030131,0.000348,1872,0.10447,-0.01,0.01134,-1e-05,0.00503,-0.0,0.0
159,162816,2.90219,450.0,0.0,0.0,1.223004,-0.002039,0.027336,0.002602,1870,0.10596,-0.01,0.00924,0.0003,0.0058,0.0004,0.0
160,163840,2.85951,450.0,0.0,0.0,1.16342,-0.001803,0.027577,0.001085,1911,0.10216,-0.01,0.00968,7e-05,0.00523,0.00116,0.0
161,164864,1.13898,450.0,0.0,0.0,1.095933,0.028817,0.03127,0.00067,1906,0.09415,-0.01,0.01008,0.00025,0.00508,0.00038,0.0
162,165888,2.35974,450.0,0.0,0.0,1.116546,0.001501,0.033322,0.000757,1868,0.09161,-0.01,0.00911,0.00031,0.00565,-9e-05,0.0
163,166912,3.16715,450.0,0.0,0.0,1.120111,0.024087,0.027739,0.000793,1918,0.08696,-0.01,0.00824,0.00032,0.00573,0.00047,0.0
164,167936,1.48187,450.0,0.0,0.0,1.057232,-0.000846,0.029044,0.000427,1961,0.07935,-0.01,0.01092,0.00026,0.00578,0.00041,0.0
165,168960,0.4095,450.0,0.0,0.0,1.122498,-0.001092,0.031465,0.000897,1931,0.08697,-0.01,0.00724,0.00054,0.00573,0.00115,0.0
166,169984,2.91869,450.0,0.0,0.0,1.11028,-0.026836,0.021844,0.000517,1802,0.08858,-0.01,0.00753,0.00049,0.00575,0.00085,0.0
167,171008,3.16052,450.0,0.0,0.0,1.117098,-0.001207,0.025654,0.000617,1845,0.09503,-0.01,0.00768,0.00037,0.00562,0.00114,0.0
168,172032,2.5028,450.0,0.0,0.0,1.108507,-0.001128,0.024912,0.000445,1810,0.0944,-0.01,0.00858,0.0004,0.00579,0.00014,0.0
169,173056,2.11178,450.0,0.0,0.0,1.153114,-0.001466,0.025101,0.000853,1786,0.09612,-0.01,0.0077,0.00029,0.00609,0.00071,0.0
170,174080,1.7375,450.0,0.0,0.0,1.218858,-0.001654,0.0289,0.001854,1780,0.10461,-0.01,0.00768,0.00036,0.00545,0.0009,0.0
171,175104,2.86631,450.0,0.0,0.0,1.245105,-0.024157,1.60359,0.000329,1874,0.1076,-0.01,0.00711,0.00012,0.00561,-0.01962,0.0
172,176128,2.69741,450.0,0.0,0.0,1.243507,-0.000744,0.053934,0.000229,1919,0.1069,-0.01,0.00702,0.0003,0.00588,0.00015,0.0
173,177152,-2.33275,450.0,0.0,0.0,1.236988,-0.0464,0.041547,0.002769,1915,0.09891,-0.01,0.00912,0.0004,0.00638,0.00045,0.0
174,178176,1.72444,450.0,0.0,0.0,1.245207,-0.001687,0.033024,0.001829,1944,0.09261,-0.01,0.00922,0.00021,0.00553,0.00054,0.0
175,179200,1.07789,450.0,0.0,0.0,1.265465,-0.001689,0.02293,0.001332,1870,0.09823,-0.01,0.00656,0.00028,0.00516,0.00038,0.0
176,180224,2.18735,450.0,0.0,0.0,1.315908,-0.011428,0.025572,0.00182,1828,0.10223,-0.01,0.00765,0.0002,0.00538,0.0004,0.0
177,181248,1.2709,450.0,0.0,0.0,1.408087,-0.029516,0.021903,0.000742,1831,0.1086,-0.01,0.00822,-5e-05,0.00531,0.00029,0.0
178,182272,nan,nan,0.0,0.0,1.413812,-0.000875,0.02498,0.00071,1882,0.11299,-0.01,0.00725,4e-05,0.00491,0.00041,0.0
179,183296,1.86495,450.0,0.0,0.0,1.310348,-0.088502,0.019229,0.001813,1826,0.10991,-0.01,0.00526,0.00023,0.00591,0.00057,0.0
180,184320,1.08097,450.0,0.0,0.0,1.340245,-0.001373,0.023933,0.000639,1775,0.10335,-0.01,0.00868,0.00036,0.00577,0.00089,0.0
181,185344,2.15822,450.0,0.0,0.0,1.287131,-0.002035,0.023026,0.001803,1809,0.10289,-0.01,0.00678,0.00025,0.00514,0.00076,0.0
182,186368,2.00071,450.0,0.0,0.0,1.233585,-0.000478,0.025559,0.00026,1838,0.09702,-0.01,0.00942,0.00019,0.00543,0.00055,0.0
183,187392,1.59917,450.0,0.0,0.0,1.260981,0.050029,0.022339,0.001108,1811,0.0993,-0.01,0.00656,0.00025,0.00537,0.00023,0.0
184,188416,2.20404,450.0,0.0,0.0,1.261196,-0.001014,0.023696,0.000464,1783,0.09514,-0.01,0.00958,0.00027,0.00579,0.00088,0.0
185,189440,nan,nan,0.0,0.0,1.267791,-0.000959,0.02578,0.000386,1830,0.09347,-0.01,0.01055,0.00011,0.00543,0.00038,0.0
186,190464,1.90685,450.0,0.0,0.0,1.216771,-0.00268,0.023699,0.002653,1778,0.09375,-0.01,0.00672,0.00021,0.00582,0.00057,0.0
187,191488,2.27984,450.0,0.0,0.0,1.250156,-0.000722,0.029923,0.000535,1741,0.09628,-0.01,0.00773,0.00034,0.00526,0.00052,0.0
188,192512,1.57179,450.0,0.0,0.0,1.295828,-0.001772,0.023585,0.001706,1762,0.09464,-0.01,0.007,0.00034,0.00551,0.00117,0.0
189,193536,1.94854,450.0,0.0,0.0,1.35631,-0.001174,0.018791,0.001521,1829,0.09545,-0.01,0.0064,0.00033,0.00529,0.0002,0.0
190,194560,0.92162,450.0,0.0,0.0,1.397727,0.019871,0.026666,0.001342,1803,0.10533,-0.01,0.00693,0.00017,0.00584,0.00037,0.0
191,195584,2.2469,450.0,0.0,0.0,1.39735,-0.002124,0.021678,0.001275,1859,0.10447,-0.01,0.00719,0.00027,0.00585,0.00021,0.0
192,196608,nan,nan,0.0,0.0,1.362593,-0.001553,0.023596,0.001939,1945,0.09225,-0.01,0.00743,0.00022,0.00599,0.00039,0.0
193,197632,1.75793,450.0,0.0,0.0,1.370531,-0.001526,0.022211,0.001615,1900,0.09725,-0.01,0.00802,0.00021,0.00541,0.00018,0.0
194,198656,1.66188,450.0,0.0,0.0,1.319538,-0.001788,0.023745,0.001294,1848,0.09654,-0.01,0.00652,0.00024,0.0064,0.00022,0.0
195,199680,1.28232,450.0,0.0,0.0,1.246151,-0.001699,0.022701,0.001932,1866,0.08704,-0.01,0.00772,0.00033,0.00579,0.00113,0.0
196,200704,1.94654,450.0,0.0,0.0,1.209953,-0.000871,0.019216,0.000954,1844,0.08116,-0.01,0.00644,0.00023,0.00523,0.00014,0.0
197,201728,0.82538,450.0,0.0,0.0,1.237343,-0.001021,0.021961,0.000353,1818,0.09221,-0.01,0.00754,0.00044,0.00576,0.00056,0.0
198,202752,2.20643,450.0,0.0,0.0,1.232187,-0.001385,0.024623,0.000627,1817,0.09243,-0.01,0.00641,0.00046,0.00539,0.00053,0.0
199,203776,1.626,450.0,0.0,0.0,1.212369,-0.001756,0.044346,0.00146,1903,0.08512,-0.01,0.00702,0.00036,0.00536,-0.00017,0.0
200,204800,1.10733,450.0,0.0,0.0,1.235265,-0.001146,0.028764,0.001078,1947,0.08793,-0.01,0.00917,0.00036,0.0053,0.00081,0.0
201,205824,1.64586,450.0,0.0,0.0,1.232042,0.006103,0.022707,0.002946,1835,0.09314,-0.01,0.00672,0.00027,0.00524,0.0,0.0
202,206848,1.3592,450.0,0.0,0.0,1.258226,0.057699,0.025139,0.00112,1821,0.08609,-0.01,0.00803,0.0004,0.00621,0.00091,0.0
203,207872,1.4954,450.0,0.0,0.0,1.199924,-0.001323,0.020206,0.000912,1847,0.07853,-0.01,0.00748,0.00033,0.00523,1e-05,0.0
204,208896,1.21152,450.0,0.0,0.0,1.241825,-0.000682,0.0202,0.001698,1889,0.07552,-0.01,0.00625,0.00043,0.00578,0.00059,0.0
205,209920,1.71734,450.0,0.0,0.0,1.268434,-0.001514,0.023641,0.001134,1847,0.08158,-0.01,0.0069,0.00033,0.00558,0.00077,0.0
206,210944,1.21653,450.0,0.0,0.0,1.292427,-0.00217,0.02205,0.002434,1881,0.08594,-0.01,0.00752,0.00033,0.0056,0.00041,0.0
207,211968,0.73384,450.0,0.0,0.0,1.175915,-0.028821,0.023261,0.003535,1842,0.09225,-0.01,0.00708,0.00048,0.00559,0.00039,0.0
208,212992,1.92559,450.0,0.0,0.0,1.212115,-0.001079,0.023752,0.000558,1863,0.08717,-0.01,0.00875,0.00019,0.00583,0.00041,0.0
209,214016,2.75859,450.0,0.0,0.0,1.233714,-0.023749,0.031031,0.002228,1937,0.08519,-0.01,0.00985,0.00028,0.00572,-0.0009,0.0
210,215040,2.18169,450.0,0.0,0.0,1.14342,0.141337,0.024858,0.002038,2017,0.08438,-0.01,0.00935,0.00031,0.00549,0.00044,0.0
211,216064,-4.56421,450.0,0.0,0.0,1.180326,-0.001096,2.026332,0.000733,1998,0.09106,-0.01,0.01196,0.00033,0.00605,-0.0233,0.0
212,217088,1.49897,450.0,0.0,0.0,1.239833,0.061787,0.038943,0.001079,1842,0.08785,-0.01,0.00971,0.00039,0.00566,0.00057,0.0
213,218112,1.7669,450.0,0.0,0.0,1.22247,-0.001322,0.033331,0.001259,1838,0.09064,-0.01,0.00848,0.00023,0.00506,0.00014,0.0
214,219136,4.23847,450.0,0.0,0.0,1.236971,0.013438,0.037596,0.001777,1812,0.09316,-0.01,0.00994,0.00023,0.0054,0.00069,0.0
215,220160,2.40771,450.0,0.0,0.0,1.252981,0.002485,0.03304,0.00163,1831,0.09394,-0.01,0.00701,0.00036,0.00584,-0.0003,0.0
216,221184,1.11125,450.0,0.0,0.0,1.360788,0.111105,0.041889,0.001337,2074,0.09941,-0.01,0.00659,0.00027,0.00577,-0.00165,0.0
217,222208,0.04564,450.0,0.0,0.0,1.345452,-0.000128,2.774077,0.001115,2081,0.09842,-0.01,0.00597,0.0002,0.00552,-0.02454,0.0
218,223232,-6.47723,450.0,0.0,0.0,1.399319,-0.000393,2.860833,0.000433,1972,0.10789,-0.01,0.00612,-5e-05,0.00597,-0.02651,0.0
219,224256,2.12129,450.0,0.0,0.0,1.468596,2.1e-05,2.486882,0.000191,1897,0.10807,-0.01,0.00712,0.00014,0.00554,-0.02302,0.0
220,225280,-21.75728,450.0,0.0,0.0,1.363062,-0.080628,0.103554,0.000898,1937,0.11097,-0.01,0.00786,-0.0,0.00561,0.00052,0.0
221,226304,-11.64988,450.0,0.0,0.0,1.269535,-0.015566,0.441028,0.005148,1915,0.10101,-0.01,0.0085,0.00022,0.00563,-0.02251,0.0
222,227328,2.4743,450.0,0.0,0.0,1.299859,-0.016504,0.02742,0.001185,1848,0.09847,-0.01,0.00848,0.00024,0.00583,0.00069,0.0
223,228352,-10.23174,450.0,0.0,0.0,1.291467,-0.00263,0.032714,0.001686,1845,0.09676,-0.01,0.00697,0.00037,0.00654,-0.00024,0.0
224,229376,3.545,450.0,0.0,0.0,1.315896,-0.000964,0.031724,0.001399,1824,0.09552,-0.01,0.0088,0.00025,0.00568,0.0004,0.0
225,230400,1.39597,450.0,0.0,0.0,1.300642,0.134003,0.031327,0.001812,1819,0.0978,-0.01,0.00978,0.00017,0.00543,0.00081,0.0
226,231424,2.66946,450.0,0.0,0.0,1.314418,-0.001748,0.029519,0.000787,1843,0.10016,-0.01,0.00993,0.00026,0.00537,0.00036,0.0
227,232448,1.58649,450.0,0.0,0.0,1.257511,-0.001988,0.029303,0.002553,1869,0.09823,-0.01,0.00857,0.0001,0.00477,0.00041,0.0
228,233472,2.43701,450.0,0.0,0.0,1.222597,0.06381,0.026286,0.001129,1812,0.09042,-0.01,0.01035,0.00016,0.00458,0.00025,0.0
229,234496,2.49075,450.0,0.0,0.0,1.185767,0.030595,0.034422,0.002487,1864,0.09095,-0.01,0.00944,0.00011,0.00513,8e-05,0.0
230,235520,2.39656,450.0,0.0,0.0,1.217419,-0.000672,0.032552,0.001001,1899,0.08803,-0.01,0.01045,0.00018,0.00519,0.00033,0.0
231,236544,1.76508,450.0,0.0,0.0,1.227368,-0.001199,0.028022,0.001103,1895,0.09225,-0.01,0.00833,-2e-05,0.00472,3e-05,0.0
232,237568,1.14552,450.0,0.0,0.0,1.235926,-0.001513,0.02531,0.001532,1854,0.09382,-0.01,0.00913,-0.0,0.00486,0.00051,0.0
233,238592,2.10587,450.0,0.0,0.0,1.25977,-0.042207,0.040261,0.000509,1851,0.09374,-0.01,0.01088,0.00022,0.00486,0.00033,0.0
234,239616,2.53887,450.0,0.0,0.0,1.313605,-0.001686,0.030714,0.00069,1874,0.09722,-0.01,0.00966,-0.00012,0.00524,0.00023,0.0
235,240640,3.83432,450.0,0.0,0.0,1.234954,0.008635,0.038738,0.001034,1845,0.0952,-0.01,0.00992,-0.0001,0.00548,0.00016,0.0
236,241664,1.51357,450.0,0.0,0.0,1.227555,-0.001356,0.029477,0.000591,1852,0.09178,-0.01,0.01016,0.00034,0.00578,-0.00023,0.0
237,242688,2.97979,450.0,0.0,0.0,1.219774,-0.001598,0.029226,0.001218,1880,0.0946,-0.01,0.01124,0.00022,0.00585,0.00062,0.0
238,243712,4.11611,450.0,0.0,0.0,1.122869,-0.0013,0.032745,0.001451,1925,0.08699,-0.01,0.01173,0.0001,0.0051,0.0,0.0
239,244736,2.7554,450.0,0.0,0.0,1.167215,-0.00035,0.033738,0.000991,1864,0.08457,-0.01,0.01391,7e-05,0.0048,0.00016,0.0
240,245760,4.03667,450.0,0.0,0.0,1.262084,-0.001095,0.031439,0.000409,1832,0.09615,-0.01,0.00878,-0.0002,0.0047,0.00059,0.0
241,246784,1.50389,450.0,0.0,0.0,1.234719,-0.001829,0.037294,0.001134,1882,0.09413,-0.01,0.01068,-0.0001,0.0045,0.00032,0.0
242,247808,1.46353,450.0,0.0,0.0,1.232894,-0.060278,0.030328,0.001142,1819,0.09182,-0.01,0.01137,-6e-05,0.00497,0.00036,0.0
243,248832,3.0018,450.0,0.0,0.0,1.185755,0.055408,0.033055,0.001307,1792,0.09784,-0.01,0.01104,-2e-05,0.00497,0.00035,0.0
244,249856,2.25244,450.0,0.0,0.0,1.255784,-0.001183,0.041013,0.000649,1820,0.09958,-0.01,0.01167,-0.00017,0.00464,0.00033,0.0
245,250880,3.82137,450.0,0.0,0.0,1.248454,-0.00136,0.037268,0.000439,1894,0.0911,-0.01,0.01208,-0.0003,0.00522,0.0,0.0
246,251904,3.43603,450.0,0.0,0.0,1.213931,-0.001223,0.034369,0.000737,1853,0.08741,-0.01,0.01439,-0.0001,0.00485,0.00053,0.0
247,252928,2.9126,450.0,0.0,0.0,1.203387,0.062609,0.03802,0.000263,1847,0.08789,-0.01,0.01166,0.00025,0.00485,0.00023,0.0
248,253952,2.16291,450.0,0.0,0.0,1.221425,-0.001009,0.039007,0.000489,1875,0.08547,-0.01,0.01102,-0.00013,0.0048,0.00063,0.0
249,254976,3.41305,450.0,0.0,0.0,1.207681,-0.001851,0.034873,0.001544,1821,0.08941,-0.01,0.0103,0.00013,0.0047,0.00041,0.0
250,256000,2.65305,450.0,0.0,0.0,1.272663,-0.017452,0.035033,0.00154,1811,0.08982,-0.01,0.00959,0.00022,0.00466,0.00055,0.0
251,257024,2.32185,450.0,0.0,0.0,1.278645,-0.000974,0.033876,0.001053,1846,0.08697,-0.01,0.00813,0.00023,0.00514,0.00023,0.0
252,258048,2.60856,450.0,0.0,0.0,1.293649,-0.001364,0.024022,0.00121,1889,0.08449,-0.01,0.00662,9e-05,0.0046,0.00017,0.0
253,259072,1.20711,450.0,0.0,0.0,1.316775,-0.070326,0.040876,0.002204,1867,0.08701,-0.01,0.0089,7e-05,0.00451,-0.00013,0.0
254,260096,1.52909,450.0,0.0,0.0,1.27393,0.054975,0.029044,0.00097,1898,0.09486,-0.01,0.00782,6e-05,0.00434,0.00117,0.0
255,261120,3.15622,450.0,0.0,0.0,1.210904,-0.001455,0.037472,0.00098,1892,0.08638,-0.01,0.01257,0.00013,0.00514,0.00059,0.0
256,262144,0.18958,450.0,0.0,0.0,1.223008,-0.000875,0.033396,0.000833,1839,0.08498,-0.01,0.00971,0.00026,0.00488,0.00078,0.0
257,263168,2.06064,450.0,0.0,0.0,1.301365,-0.022429,0.038585,0.000988,1755,0.08994,-0.01,0.01199,0.00021,0.0048,0.00037,0.0
258,264192,3.65553,450.0,0.0,0.0,1.2808,-0.001309,0.027491,0.000551,1787,0.09245,-0.01,0.00787,0.00014,0.00504,0.00052,0.0
259,265216,2.43597,450.0,0.0,0.0,1.249868,-0.000311,0.030393,0.000539,1846,0.08475,-0.01,0.00779,-0.00017,0.00477,-1e-05,0.0
260,266240,2.56379,450.0,0.0,0.0,1.300212,-0.000986,0.030157,0.000737,1790,0.08667,-0.01,0.01106,5e-05,0.00493,0.00038,0.0
261,267264,1.32919,450.0,0.0,0.0,1.365402,-0.001127,0.027526,0.001781,1754,0.09402,-0.01,0.0098,0.00032,0.00494,0.00142,0.0
262,268288,2.05131,450.0,0.0,0.0,1.390798,-0.001357,0.048116,0.001513,1729,0.09217,-0.01,0.01028,6e-05,0.00485,0.00094,0.0
263,269312,3.01818,450.0,0.0,0.0,1.396463,-0.001233,0.032106,0.000764,1742,0.09305,-0.01,0.01027,3e-05,0.0043,0.00077,0.0
264,270336,2.18057,450.0,0.0,0.0,1.455309,-0.00106,0.034532,0.000859,1727,0.10262,-0.01,0.00933,7e-05,0.00426,0.0005,0.0
265,271360,2.51028,450.0,0.0,0.0,1.470253,-0.002216,0.033688,0.002406,1729,0.10426,-0.01,0.01026,0.0,0.00474,0.00055,0.0
266,272384,3.20529,450.0,0.0,0.0,1.540777,-0.002144,0.026292,0.002704,1788,0.10767,-0.01,0.00723,-0.00046,0.00446,0.00037,0.0
267,273408,1.28541,450.0,0.0,0.0,1.501219,-0.053878,0.02407,0.003821,1729,0.10219,-0.01,0.00831,4e-05,0.00477,0.00061,0.0
268,274432,1.62254,450.0,0.0,0.0,1.382222,-0.00239,0.033442,0.001264,1742,0.09794,-0.01,0.01143,0.00018,0.0043,0.00145,0.0
269,275456,3.9035,450.0,0.0,0.0,1.28855,-0.077391,0.031948,0.005054,1692,0.0909,-0.01,0.01123,0.00016,0.00464,0.00039,0.0
270,276480,2.80879,450.0,0.0,0.0,1.323615,-0.000795,0.029951,0.002519,1789,0.08848,-0.01,0.01105,3e-05,0.00433,0.00017,0.0
271,277504,2.54422,450.0,0.0,0.0,1.345226,-0.001256,0.031251,0.002285,1779,0.091,-0.01,0.00916,0.0001,0.00442,0.00117,0.0
272,278528,1.97811,450.0,0.0,0.0,1.30993,0.00941,0.032116,0.003221,1727,0.09816,-0.01,0.01115,-8e-05,0.0053,0.00022,0.0
273,279552,2.42223,450.0,0.0,0.0,1.430088,0.051321,0.026117,0.002486,1815,0.09121,-0.01,0.00779,3e-05,0.00425,0.0004,0.0
274,280576,2.38499,450.0,0.0,0.0,1.368228,-0.001263,0.036474,0.000919,1731,0.08892,-0.01,0.01162,9e-05,0.00484,0.00057,0.0
275,281600,2.57903,450.0,0.0,0.0,1.351194,-0.000923,0.033806,0.000963,1716,0.0944,-0.01,0.01062,0.00027,0.00491,0.0011,0.0
276,282624,3.68893,450.0,0.0,0.0,1.320078,-0.00159,0.038555,0.000993,1731,0.08691,-0.01,0.01262,0.00011,0.00428,0.00071,0.0
